gcam_scenario,target_scenario,Sector,Technology,Policy_Type,Year,MSG_Impl,Value,target_num,target_unit,GCAM_Share,iamc_var,iamc_raw,iamc_raw_unit,conversion,gcam_value,gen_var,gen_raw_EJ,gen_GWa,cf,cf_source,gen_implied_GW,is_ndc,ndc_mult,gap_abs,gap_pct,direction,ref_gcam_value,ref_gap_pct,cm_gcam_value,cm_gap_pct,gap_change_pct,cm_vs_ref,calc_note
CurrentMeasures,Current Measures,Power,Bio,Total Annual Acitivity (GWa ),2025,Hard bound (Min/Max),0.08297,0.08297,GWa,0.004006471,Secondary Energy|Electricity|Biomass,0.00154903,EJ,31.70979,0.049119416003700005,NA,NA,NA,0.85,A23.globaltech_capacity_factor.csv,NA,FALSE,NA,-0.0338505839963,-40.79858261576473,UNDER,0.06172469172450001,-25.606012143545854,0.049119416003700005,-40.79858261576473,-15.192570472218875,WIDENING,IAMC 'Secondary Energy|Electricity|Biomass' = 0.001549 EJ * 31.70979 = 0.049 GWa
CurrentMeasuresRev,Current Measures,Power,Bio,Total Annual Acitivity (GWa ),2025,Hard bound (Min/Max),0.08297,0.08297,GWa,0.004006471,Secondary Energy|Electricity|Biomass,0.00180825,EJ,31.70979,0.0573392277675,NA,NA,NA,0.85,A23.globaltech_capacity_factor.csv,NA,FALSE,NA,-0.0256307722325,-30.891614116548148,UNDER,0.06172469172450001,-25.606012143545854,0.049119416003700005,-40.79858261576473,-15.192570472218875,WIDENING,IAMC 'Secondary Energy|Electricity|Biomass' = 0.001808 EJ * 31.70979 = 0.057 GWa
Reference,Current Measures,Power,Bio,Total Annual Acitivity (GWa ),2025,Hard bound (Min/Max),0.08297,0.08297,GWa,0.004006471,Secondary Energy|Electricity|Biomass,0.00194655,EJ,31.70979,0.06172469172450001,NA,NA,NA,0.85,A23.globaltech_capacity_factor.csv,NA,FALSE,NA,-0.021245308275499995,-25.606012143545854,UNDER,0.06172469172450001,-25.606012143545854,0.049119416003700005,-40.79858261576473,-15.192570472218875,WIDENING,IAMC 'Secondary Energy|Electricity|Biomass' = 0.001947 EJ * 31.70979 = 0.062 GWa
CurrentMeasures,Current Measures,Power,Bio,Total Capacity (GW),2025,Hard bound (Min/Max),0.278,0.278,GW,NA,Capacity|Electricity|Biomass,0.3034359978078155,GW,1,0.3034359978078155,Secondary Energy|Electricity|Biomass,0.00154903,0.049119416003700005,0.85,A23.globaltech_capacity_factor.csv,0.05778754823964707,FALSE,NA,0.02543599780781547,9.149639499214196,~OK,0.3515644705075836,26.462039750929346,0.3034359978078155,9.149639499214196,-17.31240025171515,CLOSED (on target),IAMC direct = 0.30 GW (gcamreport blended CF). Gen = 0.001549 EJ = 0.049 GWa / CF 0.8500 = 0.1 GW implied (A23.globaltech_capacity_factor.csv)
CurrentMeasuresRev,Current Measures,Power,Bio,Total Capacity (GW),2025,Hard bound (Min/Max),0.278,0.278,GW,NA,Capacity|Electricity|Biomass,0.3390399792859957,GW,1,0.3390399792859957,Secondary Energy|Electricity|Biomass,0.00180825,0.0573392277675,0.85,A23.globaltech_capacity_factor.csv,0.06745791502058823,FALSE,NA,0.061039979285995694,21.95682708129341,OVER,0.3515644705075836,26.462039750929346,0.3034359978078155,9.149639499214196,-17.31240025171515,CLOSED (on target),IAMC direct = 0.34 GW (gcamreport blended CF). Gen = 0.001808 EJ = 0.057 GWa / CF 0.8500 = 0.1 GW implied (A23.globaltech_capacity_factor.csv)
Reference,Current Measures,Power,Bio,Total Capacity (GW),2025,Hard bound (Min/Max),0.278,0.278,GW,NA,Capacity|Electricity|Biomass,0.3515644705075836,GW,1,0.3515644705075836,Secondary Energy|Electricity|Biomass,0.00194655,0.06172469172450001,0.85,A23.globaltech_capacity_factor.csv,0.07261728438176472,FALSE,NA,0.07356447050758358,26.462039750929346,OVER,0.3515644705075836,26.462039750929346,0.3034359978078155,9.149639499214196,-17.31240025171515,CLOSED (on target),IAMC direct = 0.35 GW (gcamreport blended CF). Gen = 0.001947 EJ = 0.062 GWa / CF 0.8500 = 0.1 GW implied (A23.globaltech_capacity_factor.csv)
CurrentMeasures,Current Measures,Power,Coal,Total Annual Acitivity (GWa ),2025,Hard bound (Min/Max),2.345,2.345,GWa,0.113235791,Secondary Energy|Electricity|Coal,0.115671,EJ,31.70979,3.66790311909,NA,NA,NA,0.85,A23.globaltech_capacity_factor.csv,NA,FALSE,NA,1.3229031190899998,56.41377906567163,OVER,4.0280946237,71.77375794029851,3.66790311909,56.41377906567163,-15.359978874626876,CLOSING,IAMC 'Secondary Energy|Electricity|Coal' = 0.115671 EJ * 31.70979 = 3.668 GWa
CurrentMeasuresRev,Current Measures,Power,Coal,Total Annual Acitivity (GWa ),2025,Hard bound (Min/Max),2.345,2.345,GWa,0.113235791,Secondary Energy|Electricity|Coal,0.119863,EJ,31.70979,3.80083055877,NA,NA,NA,0.85,A23.globaltech_capacity_factor.csv,NA,FALSE,NA,1.4558305587699998,62.08232659999998,OVER,4.0280946237,71.77375794029851,3.66790311909,56.41377906567163,-15.359978874626876,CLOSING,IAMC 'Secondary Energy|Electricity|Coal' = 0.119863 EJ * 31.70979 = 3.801 GWa
Reference,Current Measures,Power,Coal,Total Annual Acitivity (GWa ),2025,Hard bound (Min/Max),2.345,2.345,GWa,0.113235791,Secondary Energy|Electricity|Coal,0.12703,EJ,31.70979,4.0280946237,NA,NA,NA,0.85,A23.globaltech_capacity_factor.csv,NA,FALSE,NA,1.6830946237000002,71.77375794029851,OVER,4.0280946237,71.77375794029851,3.66790311909,56.41377906567163,-15.359978874626876,CLOSING,IAMC 'Secondary Energy|Electricity|Coal' = 0.127030 EJ * 31.70979 = 4.028 GWa
CurrentMeasures,Current Measures,Power,Gas,Total Annual Acitivity (GWa ),2025,Hard bound (Min/Max),4.9547,4.9547,GWa,0.239253465,Secondary Energy|Electricity|Gas,0.1987942,EJ,31.70979,6.3037223352180005,NA,NA,NA,0.85,A23.globaltech_capacity_factor.csv,NA,FALSE,NA,1.3490223352180006,27.227124451894174,OVER,6.861139220691,38.47738956326317,6.3037223352180005,27.227124451894174,-11.250265111369,CLOSING,IAMC 'Secondary Energy|Electricity|Gas' = 0.198794 EJ * 31.70979 = 6.304 GWa
CurrentMeasuresRev,Current Measures,Power,Gas,Total Annual Acitivity (GWa ),2025,Hard bound (Min/Max),4.9547,4.9547,GWa,0.239253465,Secondary Energy|Electricity|Gas,0.2057262,EJ,31.70979,6.523534599498,NA,NA,NA,0.85,A23.globaltech_capacity_factor.csv,NA,FALSE,NA,1.5688345994980004,31.66356387870104,OVER,6.861139220691,38.47738956326317,6.3037223352180005,27.227124451894174,-11.250265111369,CLOSING,IAMC 'Secondary Energy|Electricity|Gas' = 0.205726 EJ * 31.70979 = 6.524 GWa
Reference,Current Measures,Power,Gas,Total Annual Acitivity (GWa ),2025,Hard bound (Min/Max),4.9547,4.9547,GWa,0.239253465,Secondary Energy|Electricity|Gas,0.2163729,EJ,31.70979,6.861139220691,NA,NA,NA,0.85,A23.globaltech_capacity_factor.csv,NA,FALSE,NA,1.9064392206910004,38.47738956326317,OVER,6.861139220691,38.47738956326317,6.3037223352180005,27.227124451894174,-11.250265111369,CLOSING,IAMC 'Secondary Energy|Electricity|Gas' = 0.216373 EJ * 31.70979 = 6.861 GWa
CurrentMeasures,Current Measures,Power,Hydropower,Additional Capacity (GW),2030,Hard bound (Min),5.96,5.96,GW,NA,Capacity Additions|Electricity|Hydro,8.466918628759608,GW,1,8.466918628759608,Secondary Energy|Electricity|Hydro,0.149969,4.75548549651,NA,fixedOutput (no CF),NA,FALSE,NA,2.5069186287596077,42.062393099993415,OVER,7.375363675613036,23.74771267807107,8.466918628759608,42.062393099993415,18.314680421922343,WIDENING,IAMC 'Capacity Additions' = 8.4669 GW/yr. fixedOutput (no CF). Gen = 0.149969 EJ = 4.755 GWa
CurrentMeasuresRev,Current Measures,Power,Hydropower,Additional Capacity (GW),2030,Hard bound (Min),5.96,5.96,GW,NA,Capacity Additions|Electricity|Hydro,8.750957780993,GW,1,8.750957780993,Secondary Energy|Electricity|Hydro,0.155,4.915017450000001,NA,fixedOutput (no CF),NA,FALSE,NA,2.7909577809929997,46.82815068780201,OVER,7.375363675613036,23.74771267807107,8.466918628759608,42.062393099993415,18.314680421922343,WIDENING,IAMC 'Capacity Additions' = 8.7510 GW/yr. fixedOutput (no CF). Gen = 0.155000 EJ = 4.915 GWa
Reference,Current Measures,Power,Hydropower,Additional Capacity (GW),2030,Hard bound (Min),5.96,5.96,GW,NA,Capacity Additions|Electricity|Hydro,7.375363675613036,GW,1,7.375363675613036,Secondary Energy|Electricity|Hydro,0.130635,4.14240841665,NA,fixedOutput (no CF),NA,FALSE,NA,1.4153636756130359,23.74771267807107,OVER,7.375363675613036,23.74771267807107,8.466918628759608,42.062393099993415,18.314680421922343,WIDENING,IAMC 'Capacity Additions' = 7.3754 GW/yr. fixedOutput (no CF). Gen = 0.130635 EJ = 4.142 GWa
CurrentMeasures,Current Measures,Power,Hydropower,Total Annual Acitivity (GWa ),2025,Hard bound (Min/Max),4.555,4.555,GWa,0.219952678,Secondary Energy|Electricity|Hydro,0.143679,EJ,31.70979,4.55603091741,NA,NA,NA,NA,fixedOutput (no CF),NA,FALSE,NA,0.001030917410000498,0.02263265444567504,~OK,3.96867047724,-12.872217843249173,4.55603091741,0.02263265444567504,12.894850497694847,CLOSED (on target),IAMC 'Secondary Energy|Electricity|Hydro' = 0.143679 EJ * 31.70979 = 4.556 GWa
CurrentMeasuresRev,Current Measures,Power,Hydropower,Total Annual Acitivity (GWa ),2025,Hard bound (Min/Max),4.555,4.555,GWa,0.219952678,Secondary Energy|Electricity|Hydro,0.143679,EJ,31.70979,4.55603091741,NA,NA,NA,NA,fixedOutput (no CF),NA,FALSE,NA,0.001030917410000498,0.02263265444567504,~OK,3.96867047724,-12.872217843249173,4.55603091741,0.02263265444567504,12.894850497694847,CLOSED (on target),IAMC 'Secondary Energy|Electricity|Hydro' = 0.143679 EJ * 31.70979 = 4.556 GWa
Reference,Current Measures,Power,Hydropower,Total Annual Acitivity (GWa ),2025,Hard bound (Min/Max),4.555,4.555,GWa,0.219952678,Secondary Energy|Electricity|Hydro,0.125156,EJ,31.70979,3.96867047724,NA,NA,NA,NA,fixedOutput (no CF),NA,FALSE,NA,-0.5863295227599998,-12.872217843249173,UNDER,3.96867047724,-12.872217843249173,4.55603091741,0.02263265444567504,12.894850497694847,CLOSED (on target),IAMC 'Secondary Energy|Electricity|Hydro' = 0.125156 EJ * 31.70979 = 3.969 GWa
CurrentMeasures,Current Measures,Power,Hydropower,Total Capacity (GW),2025,Hard bound (Min/Max),10.635,10.635,GW,NA,Capacity|Electricity|Hydro,40.55899558113849,GW,1,40.55899558113849,Secondary Energy|Electricity|Hydro,0.143679,4.55603091741,NA,fixedOutput (no CF),NA,FALSE,NA,29.92399558113849,281.3727840257498,OVER,35.33015716251483,232.20646133065196,40.55899558113849,281.3727840257498,49.16632269509785,WIDENING,IAMC direct = 40.56 GW. fixedOutput (no CF) — no implied GW. Gen = 0.143679 EJ = 4.556 GWa
CurrentMeasuresRev,Current Measures,Power,Hydropower,Total Capacity (GW),2025,Hard bound (Min/Max),10.635,10.635,GW,NA,Capacity|Electricity|Hydro,40.55899558113849,GW,1,40.55899558113849,Secondary Energy|Electricity|Hydro,0.143679,4.55603091741,NA,fixedOutput (no CF),NA,FALSE,NA,29.92399558113849,281.3727840257498,OVER,35.33015716251483,232.20646133065196,40.55899558113849,281.3727840257498,49.16632269509785,WIDENING,IAMC direct = 40.56 GW. fixedOutput (no CF) — no implied GW. Gen = 0.143679 EJ = 4.556 GWa
Reference,Current Measures,Power,Hydropower,Total Capacity (GW),2025,Hard bound (Min/Max),10.635,10.635,GW,NA,Capacity|Electricity|Hydro,35.33015716251483,GW,1,35.33015716251483,Secondary Energy|Electricity|Hydro,0.125156,3.96867047724,NA,fixedOutput (no CF),NA,FALSE,NA,24.695157162514832,232.20646133065196,OVER,35.33015716251483,232.20646133065196,40.55899558113849,281.3727840257498,49.16632269509785,WIDENING,IAMC direct = 35.33 GW. fixedOutput (no CF) — no implied GW. Gen = 0.125156 EJ = 3.969 GWa
CurrentMeasures,Current Measures,Power,Nuclear,Total Annual Acitivity (GWa ),2025,Hard bound (Min/Max),2.643,2.643,GWa,0.12762567,Secondary Energy|Electricity|Nuclear,0.0646019,EJ,31.70979,2.0485126826010003,NA,NA,NA,0.9,A23.globaltech_capacity_factor.csv,NA,FALSE,NA,-0.5944873173989995,-22.492898880022686,UNDER,1.7027523034200003,-35.57501689670827,2.0485126826010003,-22.492898880022686,13.082118016685584,CLOSING,IAMC 'Secondary Energy|Electricity|Nuclear' = 0.064602 EJ * 31.70979 = 2.049 GWa
CurrentMeasuresRev,Current Measures,Power,Nuclear,Total Annual Acitivity (GWa ),2025,Hard bound (Min/Max),2.643,2.643,GWa,0.12762567,Secondary Energy|Electricity|Nuclear,0.0639302,EJ,31.70979,2.027213216658,NA,NA,NA,0.9,A23.globaltech_capacity_factor.csv,NA,FALSE,NA,-0.6157867833419997,-23.298781057207705,UNDER,1.7027523034200003,-35.57501689670827,2.0485126826010003,-22.492898880022686,13.082118016685584,CLOSING,IAMC 'Secondary Energy|Electricity|Nuclear' = 0.063930 EJ * 31.70979 = 2.027 GWa
Reference,Current Measures,Power,Nuclear,Total Annual Acitivity (GWa ),2025,Hard bound (Min/Max),2.643,2.643,GWa,0.12762567,Secondary Energy|Electricity|Nuclear,0.053698,EJ,31.70979,1.7027523034200003,NA,NA,NA,0.9,A23.globaltech_capacity_factor.csv,NA,FALSE,NA,-0.9402476965799995,-35.57501689670827,UNDER,1.7027523034200003,-35.57501689670827,2.0485126826010003,-22.492898880022686,13.082118016685584,CLOSING,IAMC 'Secondary Energy|Electricity|Nuclear' = 0.053698 EJ * 31.70979 = 1.703 GWa
CurrentMeasures,Current Measures,Power,Nuclear,Total Capacity (GW),2025,Hard bound (Min/Max),3.262,3.262,GW,NA,Capacity|Electricity|Nuclear,16.09208204001134,GW,1,16.09208204001134,Secondary Energy|Electricity|Nuclear,0.0646019,2.0485126826010003,0.9,A23.globaltech_capacity_factor.csv,2.2761252028900003,FALSE,NA,12.830082040011341,393.3194984675457,OVER,14.73027904254474,351.57201234042736,16.09208204001134,393.3194984675457,41.74748612711835,WIDENING,IAMC direct = 16.09 GW (gcamreport blended CF). Gen = 0.064602 EJ = 2.049 GWa / CF 0.9000 = 2.3 GW implied (A23.globaltech_capacity_factor.csv)
CurrentMeasuresRev,Current Measures,Power,Nuclear,Total Capacity (GW),2025,Hard bound (Min/Max),3.262,3.262,GW,NA,Capacity|Electricity|Nuclear,16.00819309350339,GW,1,16.00819309350339,Secondary Energy|Electricity|Nuclear,0.0639302,2.027213216658,0.9,A23.globaltech_capacity_factor.csv,2.25245912962,FALSE,NA,12.74619309350339,390.7477956316183,OVER,14.73027904254474,351.57201234042736,16.09208204001134,393.3194984675457,41.74748612711835,WIDENING,IAMC direct = 16.01 GW (gcamreport blended CF). Gen = 0.063930 EJ = 2.027 GWa / CF 0.9000 = 2.3 GW implied (A23.globaltech_capacity_factor.csv)
Reference,Current Measures,Power,Nuclear,Total Capacity (GW),2025,Hard bound (Min/Max),3.262,3.262,GW,NA,Capacity|Electricity|Nuclear,14.73027904254474,GW,1,14.73027904254474,Secondary Energy|Electricity|Nuclear,0.053698,1.7027523034200003,0.9,A23.globaltech_capacity_factor.csv,1.8919470038000004,FALSE,NA,11.46827904254474,351.57201234042736,OVER,14.73027904254474,351.57201234042736,16.09208204001134,393.3194984675457,41.74748612711835,WIDENING,IAMC direct = 14.73 GW (gcamreport blended CF). Gen = 0.053698 EJ = 1.703 GWa / CF 0.9000 = 1.9 GW implied (A23.globaltech_capacity_factor.csv)
CurrentMeasures,Current Measures,Power,Nuclear Power,Additional Capacity (GW),2035,Hard bound (Min/Max),1.1,1.1,GW,NA,Capacity Additions|Electricity|Nuclear,0.4076771751148056,GW,1,0.4076771751148056,Secondary Energy|Electricity|Nuclear,0.1179759,3.740991014061,0.9,A23.globaltech_capacity_factor.csv,4.15665668229,FALSE,NA,-0.6923228248851945,-62.938438625926764,UNDER,0.01912963098821379,-98.26094263743511,0.4076771751148056,-62.938438625926764,35.32250401150834,CLOSING,IAMC 'Capacity Additions' = 0.4077 GW/yr (gcamreport annualizes: total_new_vintage / 5). Gen = 0.117976 EJ = 3.741 GWa. CF = 0.9000 (A23.globaltech_capacity_factor.csv)
CurrentMeasuresRev,Current Measures,Power,Nuclear Power,Additional Capacity (GW),2035,Hard bound (Min/Max),1.1,1.1,GW,NA,Capacity Additions|Electricity|Nuclear,0.2391767602201644,GW,1,0.2391767602201644,Secondary Energy|Electricity|Nuclear,0.0966113,3.063524034627,0.9,A23.globaltech_capacity_factor.csv,3.40391559403,FALSE,NA,-0.8608232397798357,-78.25665816180324,UNDER,0.01912963098821379,-98.26094263743511,0.4076771751148056,-62.938438625926764,35.32250401150834,CLOSING,IAMC 'Capacity Additions' = 0.2392 GW/yr (gcamreport annualizes: total_new_vintage / 5). Gen = 0.096611 EJ = 3.064 GWa. CF = 0.9000 (A23.globaltech_capacity_factor.csv)
Reference,Current Measures,Power,Nuclear Power,Additional Capacity (GW),2035,Hard bound (Min/Max),1.1,1.1,GW,NA,Capacity Additions|Electricity|Nuclear,0.01912963098821379,GW,1,0.01912963098821379,Secondary Energy|Electricity|Nuclear,0.04953697999999999,1.5708072330341998,0.9,A23.globaltech_capacity_factor.csv,1.7453413700379996,FALSE,NA,-1.0808703690117862,-98.26094263743511,UNDER,0.01912963098821379,-98.26094263743511,0.4076771751148056,-62.938438625926764,35.32250401150834,CLOSING,IAMC 'Capacity Additions' = 0.0191 GW/yr (gcamreport annualizes: total_new_vintage / 5). Gen = 0.049537 EJ = 1.571 GWa. CF = 0.9000 (A23.globaltech_capacity_factor.csv)
CurrentMeasures,Current Measures,Power,RFO,Total Annual Acitivity (GWa ),2025,Hard bound (Min/Max),0.3406,0.3406,GWa,0.016446955,Secondary Energy|Electricity|Oil,0.05511765,EJ,31.70979,1.7477691067935,NA,NA,NA,0.8,A23.globaltech_capacity_factor.csv,NA,FALSE,NA,1.4071691067935,413.14418872386966,OVER,1.9370118651219002,468.705773670552,1.7477691067935,413.14418872386966,-55.56158494668233,CLOSING,IAMC 'Secondary Energy|Electricity|Oil' = 0.055118 EJ * 31.70979 = 1.748 GWa
CurrentMeasuresRev,Current Measures,Power,RFO,Total Annual Acitivity (GWa ),2025,Hard bound (Min/Max),0.3406,0.3406,GWa,0.016446955,Secondary Energy|Electricity|Oil,0.05773704,EJ,31.70979,1.8308294136216001,NA,NA,NA,0.8,A23.globaltech_capacity_factor.csv,NA,FALSE,NA,1.4902294136216,437.5306557902525,OVER,1.9370118651219002,468.705773670552,1.7477691067935,413.14418872386966,-55.56158494668233,CLOSING,IAMC 'Secondary Energy|Electricity|Oil' = 0.057737 EJ * 31.70979 = 1.831 GWa
Reference,Current Measures,Power,RFO,Total Annual Acitivity (GWa ),2025,Hard bound (Min/Max),0.3406,0.3406,GWa,0.016446955,Secondary Energy|Electricity|Oil,0.06108561,EJ,31.70979,1.9370118651219002,NA,NA,NA,0.8,A23.globaltech_capacity_factor.csv,NA,FALSE,NA,1.5964118651219001,468.705773670552,OVER,1.9370118651219002,468.705773670552,1.7477691067935,413.14418872386966,-55.56158494668233,CLOSING,IAMC 'Secondary Energy|Electricity|Oil' = 0.061086 EJ * 31.70979 = 1.937 GWa
CurrentMeasures,Current Measures,Power,Solar,Additional Capacity (GW),2030,Hard bound (Min),2.6742,2.6742,GW,NA,Capacity Additions|Electricity|Solar,7.509408153430076,GW,1,7.509408153430076,Secondary Energy|Electricity|Solar,0.21816637835,6.918010042539047,0.2596,electricity_water.xml (Pak),26.64872897742314,FALSE,NA,4.835208153430076,180.80951886284035,OVER,6.045788881493612,126.07841154340036,7.509408153430076,180.80951886284035,54.731107319439985,WIDENING,IAMC 'Capacity Additions' = 7.5094 GW/yr (gcamreport annualizes: total_new_vintage / 5). Gen = 0.218166 EJ = 6.918 GWa. CF = 0.2596 (electricity_water.xml (Pak))
CurrentMeasuresRev,Current Measures,Power,Solar,Additional Capacity (GW),2030,Hard bound (Min),2.6742,2.6742,GW,NA,Capacity Additions|Electricity|Solar,7.363723842873259,GW,1,7.363723842873259,Secondary Energy|Electricity|Solar,0.21239826188,6.735104280579805,0.2596,electricity_water.xml (Pak),25.94416132734902,FALSE,NA,4.6895238428732595,175.3617471719864,OVER,6.045788881493612,126.07841154340036,7.509408153430076,180.80951886284035,54.731107319439985,WIDENING,IAMC 'Capacity Additions' = 7.3637 GW/yr (gcamreport annualizes: total_new_vintage / 5). Gen = 0.212398 EJ = 6.735 GWa. CF = 0.2596 (electricity_water.xml (Pak))
Reference,Current Measures,Power,Solar,Additional Capacity (GW),2030,Hard bound (Min),2.6742,2.6742,GW,NA,Capacity Additions|Electricity|Solar,6.045788881493612,GW,1,6.045788881493612,Secondary Energy|Electricity|Solar,0.1651025337,5.235366672094923,0.2596,electricity_water.xml (Pak),20.167051895589072,FALSE,NA,3.3715888814936124,126.07841154340036,OVER,6.045788881493612,126.07841154340036,7.509408153430076,180.80951886284035,54.731107319439985,WIDENING,IAMC 'Capacity Additions' = 6.0458 GW/yr (gcamreport annualizes: total_new_vintage / 5). Gen = 0.165103 EJ = 5.235 GWa. CF = 0.2596 (electricity_water.xml (Pak))
CurrentMeasures,Current Measures,Power,Solar,Total Capacity (GW),2025,Hard bound (Min/Max),28.27,28.27,GW,NA,Capacity|Electricity|Solar,25.08942431418916,GW,1,25.08942431418916,Secondary Energy|Electricity|Solar,0.05591264632,1.772978273151473,0.2596,electricity_water.xml (Pak),6.829654364990265,FALSE,NA,-3.1805756858108403,-11.250709889674,UNDER,19.78518747238745,-30.01348612526548,25.08942431418916,-11.250709889674,18.76277623559148,CLOSING,IAMC direct = 25.09 GW (gcamreport blended CF). Gen = 0.055913 EJ = 1.773 GWa / CF 0.2596 = 6.8 GW implied (electricity_water.xml (Pak))
CurrentMeasuresRev,Current Measures,Power,Solar,Total Capacity (GW),2025,Hard bound (Min/Max),28.27,28.27,GW,NA,Capacity|Electricity|Solar,24.66690221742399,GW,1,24.66690221742399,Secondary Energy|Electricity|Solar,0.05478745841,1.737298800814834,0.2596,electricity_water.xml (Pak),6.69221417879366,FALSE,NA,-3.603097782576011,-12.74530520897068,UNDER,19.78518747238745,-30.01348612526548,25.08942431418916,-11.250709889674,18.76277623559148,CLOSING,IAMC direct = 24.67 GW (gcamreport blended CF). Gen = 0.054787 EJ = 1.737 GWa / CF 0.2596 = 6.7 GW implied (electricity_water.xml (Pak))
Reference,Current Measures,Power,Solar,Total Capacity (GW),2025,Hard bound (Min/Max),28.27,28.27,GW,NA,Capacity|Electricity|Solar,19.78518747238745,GW,1,19.78518747238745,Secondary Energy|Electricity|Solar,0.04279878912,1.357140615249485,0.2596,electricity_water.xml (Pak),5.227814388480296,FALSE,NA,-8.48481252761255,-30.01348612526548,UNDER,19.78518747238745,-30.01348612526548,25.08942431418916,-11.250709889674,18.76277623559148,CLOSING,IAMC direct = 19.79 GW (gcamreport blended CF). Gen = 0.042799 EJ = 1.357 GWa / CF 0.2596 = 5.2 GW implied (electricity_water.xml (Pak))
CurrentMeasures,Current Measures,Power,Wind,Additional Capacity (GW),2030,Hard bound (Min),0.4358,0.4358,GW,NA,Capacity Additions|Electricity|Wind,0.5942546636260149,GW,1,0.5942546636260149,Secondary Energy|Electricity|Wind,0.04094150002999999,1.2982463682362935,0.35,electricity_water.xml (Pak),3.7092753378179815,FALSE,NA,0.15845466362601485,36.359491424051136,OVER,1.301473073862689,198.63998941319159,0.5942546636260149,36.359491424051136,-162.28049798914046,CLOSING,IAMC 'Capacity Additions' = 0.5943 GW/yr (gcamreport annualizes: total_new_vintage / 5). Gen = 0.040942 EJ = 1.298 GWa. CF = 0.3500 (electricity_water.xml (Pak))
CurrentMeasuresRev,Current Measures,Power,Wind,Additional Capacity (GW),2030,Hard bound (Min),0.4358,0.4358,GW,NA,Capacity Additions|Electricity|Wind,0.710001331722635,GW,1,0.710001331722635,Secondary Energy|Electricity|Wind,0.04719141675999999,1.4964299152620804,0.35,electricity_water.xml (Pak),4.275514043605944,FALSE,NA,0.274201331722635,62.9190756591636,OVER,1.301473073862689,198.63998941319159,0.5942546636260149,36.359491424051136,-162.28049798914046,CLOSING,IAMC 'Capacity Additions' = 0.7100 GW/yr (gcamreport annualizes: total_new_vintage / 5). Gen = 0.047191 EJ = 1.496 GWa. CF = 0.3500 (electricity_water.xml (Pak))
Reference,Current Measures,Power,Wind,Additional Capacity (GW),2030,Hard bound (Min),0.4358,0.4358,GW,NA,Capacity Additions|Electricity|Wind,1.301473073862689,GW,1,1.301473073862689,Secondary Energy|Electricity|Wind,0.0782433891,2.4810814372492893,0.35,electricity_water.xml (Pak),7.088804106426541,FALSE,NA,0.865673073862689,198.63998941319159,OVER,1.301473073862689,198.63998941319159,0.5942546636260149,36.359491424051136,-162.28049798914046,CLOSING,IAMC 'Capacity Additions' = 1.3015 GW/yr (gcamreport annualizes: total_new_vintage / 5). Gen = 0.078243 EJ = 2.481 GWa. CF = 0.3500 (electricity_water.xml (Pak))
CurrentMeasures,Current Measures,Power,Wind,Total Annual Acitivity (GWa ),2025,Hard bound (Min/Max),0.45,0.45,GWa,0.021729683,Secondary Energy|Electricity|Wind,0.01607407433,EJ,31.70979,0.5097055214486907,NA,NA,NA,0.35,electricity_water.xml (Pak),NA,FALSE,NA,0.059705521448690735,13.267893655264606,OVER,0.755660502573669,67.92455612748199,0.5097055214486907,13.267893655264606,-54.656662472217384,CLOSING,IAMC 'Secondary Energy|Electricity|Wind' = 0.016074 EJ * 31.70979 = 0.510 GWa
CurrentMeasuresRev,Current Measures,Power,Wind,Total Annual Acitivity (GWa ),2025,Hard bound (Min/Max),0.45,0.45,GWa,0.021729683,Secondary Energy|Electricity|Wind,0.01748278566,EJ,31.70979,0.5543754618936114,NA,NA,NA,0.35,electricity_water.xml (Pak),NA,FALSE,NA,0.10437546189361141,23.194547087469203,OVER,0.755660502573669,67.92455612748199,0.5097055214486907,13.267893655264606,-54.656662472217384,CLOSING,IAMC 'Secondary Energy|Electricity|Wind' = 0.017483 EJ * 31.70979 = 0.554 GWa
Reference,Current Measures,Power,Wind,Total Annual Acitivity (GWa ),2025,Hard bound (Min/Max),0.45,0.45,GWa,0.021729683,Secondary Energy|Electricity|Wind,0.0238305111,EJ,31.70979,0.755660502573669,NA,NA,NA,0.35,electricity_water.xml (Pak),NA,FALSE,NA,0.305660502573669,67.92455612748199,OVER,0.755660502573669,67.92455612748199,0.5097055214486907,13.267893655264606,-54.656662472217384,CLOSING,IAMC 'Secondary Energy|Electricity|Wind' = 0.023831 EJ * 31.70979 = 0.756 GWa
CurrentMeasures,Current Measures,Power,Wind,Total Capacity (GW),2025,Hard bound (Min/Max),1.845,1.845,GW,NA,Capacity|Electricity|Wind,4.633811004518802,GW,1,4.633811004518802,Secondary Energy|Electricity|Wind,0.01607407433,0.5097055214486907,0.35,electricity_water.xml (Pak),1.4563014898534021,FALSE,NA,2.788811004518802,151.15506799559904,OVER,6.482097104587294,251.33317640039533,4.633811004518802,151.15506799559904,-100.17810840479629,CLOSING,IAMC direct = 4.63 GW (gcamreport blended CF). Gen = 0.016074 EJ = 0.510 GWa / CF 0.3500 = 1.5 GW implied (electricity_water.xml (Pak))
CurrentMeasuresRev,Current Measures,Power,Wind,Total Capacity (GW),2025,Hard bound (Min/Max),1.845,1.845,GW,NA,Capacity|Electricity|Wind,4.969487685297565,GW,1,4.969487685297565,Secondary Energy|Electricity|Wind,0.01748278566,0.5543754618936114,0.35,electricity_water.xml (Pak),1.5839298911246043,FALSE,NA,3.1244876852975656,169.3489260323884,OVER,6.482097104587294,251.33317640039533,4.633811004518802,151.15506799559904,-100.17810840479629,CLOSING,IAMC direct = 4.97 GW (gcamreport blended CF). Gen = 0.017483 EJ = 0.554 GWa / CF 0.3500 = 1.6 GW implied (electricity_water.xml (Pak))
Reference,Current Measures,Power,Wind,Total Capacity (GW),2025,Hard bound (Min/Max),1.845,1.845,GW,NA,Capacity|Electricity|Wind,6.482097104587294,GW,1,6.482097104587294,Secondary Energy|Electricity|Wind,0.0238305111,0.755660502573669,0.35,electricity_water.xml (Pak),2.15903000735334,FALSE,NA,4.637097104587294,251.33317640039533,OVER,6.482097104587294,251.33317640039533,4.633811004518802,151.15506799559904,-100.17810840479629,CLOSING,IAMC direct = 6.48 GW (gcamreport blended CF). Gen = 0.023831 EJ = 0.756 GWa / CF 0.3500 = 2.2 GW implied (electricity_water.xml (Pak))
CurrentMeasures,Current Measures,Transport,Electric Vehicles,Total Activity (GWa ),2025,Hard bound (Min/Max),0.007907,0.007907,GWa,2.96921e-4,Final Energy|Transportation|Light-Duty Vehicle|Electricity,0.0384321078,EJ,31.70979,1.218674067595362,NA,NA,NA,NA,NA,NA,FALSE,NA,1.210767067595362,15312.597288419904,OVER,1.1829974209181102,14861.393966335021,1.218674067595362,15312.597288419904,451.20332208488253,WIDENING,IAMC 'Final Energy|Transportation|Light-Duty Vehicle|Electricity' = 0.038432 EJ * 31.70979 = 1.219 GWa
CurrentMeasuresRev,Current Measures,Transport,Electric Vehicles,Total Activity (GWa ),2025,Hard bound (Min/Max),0.007907,0.007907,GWa,2.96921e-4,Final Energy|Transportation|Light-Duty Vehicle|Electricity,0.0431269723,EJ,31.70979,1.367547234968817,NA,NA,NA,NA,NA,NA,FALSE,NA,1.3596402349688168,17195.399455783696,OVER,1.1829974209181102,14861.393966335021,1.218674067595362,15312.597288419904,451.20332208488253,WIDENING,IAMC 'Final Energy|Transportation|Light-Duty Vehicle|Electricity' = 0.043127 EJ * 31.70979 = 1.368 GWa
Reference,Current Measures,Transport,Electric Vehicles,Total Activity (GWa ),2025,Hard bound (Min/Max),0.007907,0.007907,GWa,2.96921e-4,Final Energy|Transportation|Light-Duty Vehicle|Electricity,0.037307009,EJ,31.70979,1.1829974209181102,NA,NA,NA,NA,NA,NA,FALSE,NA,1.1750904209181101,14861.393966335021,OVER,1.1829974209181102,14861.393966335021,1.218674067595362,15312.597288419904,451.20332208488253,WIDENING,IAMC 'Final Energy|Transportation|Light-Duty Vehicle|Electricity' = 0.037307 EJ * 31.70979 = 1.183 GWa
CurrentMeasures,Current Measures,Transport,Electric Vehicles,Total Activity (GWa ),2030,Hard bound (Min),0.33,0.33,GWa,0.011175076,Final Energy|Transportation|Light-Duty Vehicle|Electricity,0.0517687745,EJ,31.70979,1.641576967952355,NA,NA,NA,NA,NA,NA,FALSE,NA,1.311576967952355,397.44756604616816,OVER,1.565579553883821,374.41804663146087,1.641576967952355,397.44756604616816,23.029519414707295,WIDENING,IAMC 'Final Energy|Transportation|Light-Duty Vehicle|Electricity' = 0.051769 EJ * 31.70979 = 1.642 GWa
CurrentMeasuresRev,Current Measures,Transport,Electric Vehicles,Total Activity (GWa ),2030,Hard bound (Min),0.33,0.33,GWa,0.011175076,Final Energy|Transportation|Light-Duty Vehicle|Electricity,0.0570206568,EJ,31.70979,1.8081130527900722,NA,NA,NA,NA,NA,NA,FALSE,NA,1.478113052790072,447.91304630002185,OVER,1.565579553883821,374.41804663146087,1.641576967952355,397.44756604616816,23.029519414707295,WIDENING,IAMC 'Final Energy|Transportation|Light-Duty Vehicle|Electricity' = 0.057021 EJ * 31.70979 = 1.808 GWa
Reference,Current Measures,Transport,Electric Vehicles,Total Activity (GWa ),2030,Hard bound (Min),0.33,0.33,GWa,0.011175076,Final Energy|Transportation|Light-Duty Vehicle|Electricity,0.0493721199,EJ,31.70979,1.565579553883821,NA,NA,NA,NA,NA,NA,FALSE,NA,1.235579553883821,374.41804663146087,OVER,1.565579553883821,374.41804663146087,1.641576967952355,397.44756604616816,23.029519414707295,WIDENING,IAMC 'Final Energy|Transportation|Light-Duty Vehicle|Electricity' = 0.049372 EJ * 31.70979 = 1.566 GWa
CurrentMeasures,NDC Conditional,"Energy, Waste, IPP",Emissions,Reduction,2030,Hard bound (Max),0.5 times Current Measures,145.6612827068169,Mt CO2/yr,NA,Emissions|CO2|Energy and Industrial Processes,291.3225654136338,Mt CO2/yr,1,291.3225654136338,NA,NA,NA,NA,NA,NA,TRUE,0.5,145.6612827068169,100,OVER,306.3019469644291,110.28370839006365,291.3225654136338,100,-10.283708390063651,CLOSING,IAMC 'Emissions|CO2|Energy and Industrial Processes' = 291.3 Mt. Target = x0.50 of CM scenario (need CM run). If CM ≈ this: 145.7 Mt
CurrentMeasuresRev,NDC Conditional,"Energy, Waste, IPP",Emissions,Reduction,2030,Hard bound (Max),0.5 times Current Measures,145.6612827068169,Mt CO2/yr,NA,Emissions|CO2|Energy and Industrial Processes,288.9932648526794,Mt CO2/yr,1,288.9932648526794,NA,NA,NA,NA,NA,NA,TRUE,0.5,143.33198214586247,98.40087872517037,OVER,306.3019469644291,110.28370839006365,291.3225654136338,100,-10.283708390063651,CLOSING,IAMC 'Emissions|CO2|Energy and Industrial Processes' = 289.0 Mt. Target = x0.50 of CM scenario (need CM run). If CM ≈ this: 144.5 Mt
Reference,NDC Conditional,"Energy, Waste, IPP",Emissions,Reduction,2030,Hard bound (Max),0.5 times Current Measures,145.6612827068169,Mt CO2/yr,NA,Emissions|CO2|Energy and Industrial Processes,306.3019469644291,Mt CO2/yr,1,306.3019469644291,NA,NA,NA,NA,NA,NA,TRUE,0.5,160.64066425761217,110.28370839006365,OVER,306.3019469644291,110.28370839006365,291.3225654136338,100,-10.283708390063651,CLOSING,IAMC 'Emissions|CO2|Energy and Industrial Processes' = 306.3 Mt. Target = x0.50 of CM scenario (need CM run). If CM ≈ this: 153.2 Mt
CurrentMeasures,NDC Conditional,"Energy, Waste, IPP",Emissions,Reduction,2035,Hard bound (Max),0.5 times Current Measures,173.51268844549594,Mt CO2/yr,NA,Emissions|CO2|Energy and Industrial Processes,347.0253768909919,Mt CO2/yr,1,347.0253768909919,NA,NA,NA,NA,NA,NA,TRUE,0.5,173.51268844549594,100,OVER,372.0393043162186,114.4161949476589,347.0253768909919,100,-14.416194947658894,CLOSING,IAMC 'Emissions|CO2|Energy and Industrial Processes' = 347.0 Mt. Target = x0.50 of CM scenario (need CM run). If CM ≈ this: 173.5 Mt
CurrentMeasuresRev,NDC Conditional,"Energy, Waste, IPP",Emissions,Reduction,2035,Hard bound (Max),0.5 times Current Measures,173.51268844549594,Mt CO2/yr,NA,Emissions|CO2|Energy and Industrial Processes,343.3852773621738,Mt CO2/yr,1,343.3852773621738,NA,NA,NA,NA,NA,NA,TRUE,0.5,169.87258891667784,97.90211334892575,OVER,372.0393043162186,114.4161949476589,347.0253768909919,100,-14.416194947658894,CLOSING,IAMC 'Emissions|CO2|Energy and Industrial Processes' = 343.4 Mt. Target = x0.50 of CM scenario (need CM run). If CM ≈ this: 171.7 Mt
Reference,NDC Conditional,"Energy, Waste, IPP",Emissions,Reduction,2035,Hard bound (Max),0.5 times Current Measures,173.51268844549594,Mt CO2/yr,NA,Emissions|CO2|Energy and Industrial Processes,372.0393043162186,Mt CO2/yr,1,372.0393043162186,NA,NA,NA,NA,NA,NA,TRUE,0.5,198.52661587072265,114.4161949476589,OVER,372.0393043162186,114.4161949476589,347.0253768909919,100,-14.416194947658894,CLOSING,IAMC 'Emissions|CO2|Energy and Industrial Processes' = 372.0 Mt. Target = x0.50 of CM scenario (need CM run). If CM ≈ this: 186.0 Mt
CurrentMeasures,NDC Unconditional,"Energy, Waste, IPP",Emissions,Reduction,2030,Hard bound (Max),0.85 times Current Measures,247.62418060158873,Mt CO2/yr,NA,Emissions|CO2|Energy and Industrial Processes,291.3225654136338,Mt CO2/yr,1,291.3225654136338,NA,NA,NA,NA,NA,NA,TRUE,0.85,43.69838481204508,17.647058823529417,OVER,306.3019469644291,23.696299052978624,291.3225654136338,17.647058823529417,-6.049240229449207,CLOSING,IAMC 'Emissions|CO2|Energy and Industrial Processes' = 291.3 Mt. Target = x0.85 of CM scenario (need CM run). If CM ≈ this: 247.6 Mt
CurrentMeasuresRev,NDC Unconditional,"Energy, Waste, IPP",Emissions,Reduction,2030,Hard bound (Max),0.85 times Current Measures,247.62418060158873,Mt CO2/yr,NA,Emissions|CO2|Energy and Industrial Processes,288.9932648526794,Mt CO2/yr,1,288.9932648526794,NA,NA,NA,NA,NA,NA,TRUE,0.85,41.36908425109064,16.706399250100223,OVER,306.3019469644291,23.696299052978624,291.3225654136338,17.647058823529417,-6.049240229449207,CLOSING,IAMC 'Emissions|CO2|Energy and Industrial Processes' = 289.0 Mt. Target = x0.85 of CM scenario (need CM run). If CM ≈ this: 245.6 Mt
Reference,NDC Unconditional,"Energy, Waste, IPP",Emissions,Reduction,2030,Hard bound (Max),0.85 times Current Measures,247.62418060158873,Mt CO2/yr,NA,Emissions|CO2|Energy and Industrial Processes,306.3019469644291,Mt CO2/yr,1,306.3019469644291,NA,NA,NA,NA,NA,NA,TRUE,0.85,58.677766362840345,23.696299052978624,OVER,306.3019469644291,23.696299052978624,291.3225654136338,17.647058823529417,-6.049240229449207,CLOSING,IAMC 'Emissions|CO2|Energy and Industrial Processes' = 306.3 Mt. Target = x0.85 of CM scenario (need CM run). If CM ≈ this: 260.4 Mt
CurrentMeasures,NDC Unconditional,"Energy, Waste, IPP",Emissions,Reduction,2035,Hard bound (Max),0.83 times Current Measures,288.03106281952324,Mt CO2/yr,NA,Emissions|CO2|Energy and Industrial Processes,347.0253768909919,Mt CO2/yr,1,347.0253768909919,NA,NA,NA,NA,NA,NA,TRUE,0.83,58.99431407146864,20.48192771084338,OVER,372.0393043162186,29.166382498589705,347.0253768909919,20.48192771084338,-8.684454787746326,CLOSING,IAMC 'Emissions|CO2|Energy and Industrial Processes' = 347.0 Mt. Target = x0.83 of CM scenario (need CM run). If CM ≈ this: 288.0 Mt
CurrentMeasuresRev,NDC Unconditional,"Energy, Waste, IPP",Emissions,Reduction,2035,Hard bound (Max),0.83 times Current Measures,288.03106281952324,Mt CO2/yr,NA,Emissions|CO2|Energy and Industrial Processes,343.3852773621738,Mt CO2/yr,1,343.3852773621738,NA,NA,NA,NA,NA,NA,TRUE,0.83,55.35421454265054,19.21814057164203,OVER,372.0393043162186,29.166382498589705,347.0253768909919,20.48192771084338,-8.684454787746326,CLOSING,IAMC 'Emissions|CO2|Energy and Industrial Processes' = 343.4 Mt. Target = x0.83 of CM scenario (need CM run). If CM ≈ this: 285.0 Mt
Reference,NDC Unconditional,"Energy, Waste, IPP",Emissions,Reduction,2035,Hard bound (Max),0.83 times Current Measures,288.03106281952324,Mt CO2/yr,NA,Emissions|CO2|Energy and Industrial Processes,372.0393043162186,Mt CO2/yr,1,372.0393043162186,NA,NA,NA,NA,NA,NA,TRUE,0.83,84.00824149669535,29.166382498589705,OVER,372.0393043162186,29.166382498589705,347.0253768909919,20.48192771084338,-8.684454787746326,CLOSING,IAMC 'Emissions|CO2|Energy and Industrial Processes' = 372.0 Mt. Target = x0.83 of CM scenario (need CM run). If CM ≈ this: 308.8 Mt
