Units,scenario,region,sector,subsector,technology,input,year,value
EJ,Reference,Pakistan,elect_td_bld,rooftop_pv,rooftop_pv,distributed_solar,2025,0.0171872
EJ,Reference,Pakistan,elect_td_bld,rooftop_pv,rooftop_pv,distributed_solar,2030,0.0396175
EJ,Reference,Pakistan,elect_td_bld,rooftop_pv,rooftop_pv,distributed_solar,2035,0.0717822
EJ,Reference,Pakistan,elect_td_bld,rooftop_pv,rooftop_pv,distributed_solar,2040,0.111561
EJ,Reference,Pakistan,elect_td_bld,rooftop_pv,rooftop_pv,distributed_solar,2045,0.15999
EJ,Reference,Pakistan,elect_td_bld,rooftop_pv,rooftop_pv,distributed_solar,2050,0.218051
EJ,Reference,Pakistan,elect_td_bld,rooftop_pv,rooftop_pv,distributed_solar,2055,0.276552
EJ,Reference,Pakistan,elect_td_bld,rooftop_pv,rooftop_pv,distributed_solar,2060,0.377861
EJ,Reference,Pakistan,elect_td_bld,rooftop_pv,rooftop_pv,distributed_solar,2065,0.489994
EJ,Reference,Pakistan,elect_td_bld,rooftop_pv,rooftop_pv,distributed_solar,2070,0.601661
EJ,Reference,Pakistan,elect_td_bld,rooftop_pv,rooftop_pv,distributed_solar,2075,0.70605
EJ,Reference,Pakistan,elect_td_bld,rooftop_pv,rooftop_pv,distributed_solar,2080,0.805106
EJ,Reference,Pakistan,elect_td_bld,rooftop_pv,rooftop_pv,distributed_solar,2085,0.874079
EJ,Reference,Pakistan,elect_td_bld,rooftop_pv,rooftop_pv,distributed_solar,2090,0.950039
EJ,Reference,Pakistan,elect_td_bld,rooftop_pv,rooftop_pv,distributed_solar,2095,1.02547
EJ,Reference,Pakistan,elect_td_bld,rooftop_pv,rooftop_pv,distributed_solar,2100,1.11496
EJ,Reference,Pakistan,electricity,biomass,biomass (IGCC),regional biomass,2030,0.0012956443000000002
EJ,Reference,Pakistan,electricity,biomass,biomass (IGCC),regional biomass,2035,0.0029561884
EJ,Reference,Pakistan,electricity,biomass,biomass (IGCC),regional biomass,2040,0.00614896707
EJ,Reference,Pakistan,electricity,biomass,biomass (IGCC),regional biomass,2045,0.010795439379999997
EJ,Reference,Pakistan,electricity,biomass,biomass (IGCC),regional biomass,2050,0.0156629784
EJ,Reference,Pakistan,electricity,biomass,biomass (IGCC),regional biomass,2055,0.019428532293
EJ,Reference,Pakistan,electricity,biomass,biomass (IGCC),regional biomass,2060,0.027628808227
EJ,Reference,Pakistan,electricity,biomass,biomass (IGCC),regional biomass,2065,0.03840498396190001
EJ,Reference,Pakistan,electricity,biomass,biomass (IGCC),regional biomass,2070,0.0520318174892
EJ,Reference,Pakistan,electricity,biomass,biomass (IGCC),regional biomass,2075,0.0690538445658
EJ,Reference,Pakistan,electricity,biomass,biomass (IGCC),regional biomass,2080,0.08737610833500002
EJ,Reference,Pakistan,electricity,biomass,biomass (IGCC),regional biomass,2085,0.1066403639168
EJ,Reference,Pakistan,electricity,biomass,biomass (IGCC),regional biomass,2090,0.12936340907398
EJ,Reference,Pakistan,electricity,biomass,biomass (IGCC),regional biomass,2095,0.15298463537043
EJ,Reference,Pakistan,electricity,biomass,biomass (IGCC),regional biomass,2100,0.17720604039873997
EJ,Reference,Pakistan,electricity,biomass,biomass (conv),regional biomass,2015,0.010005632
EJ,Reference,Pakistan,electricity,biomass,biomass (conv),regional biomass,2021,0.013520249
EJ,Reference,Pakistan,electricity,biomass,biomass (conv),regional biomass,2025,0.007832629
EJ,Reference,Pakistan,electricity,biomass,biomass (conv),regional biomass,2030,0.0130386752
EJ,Reference,Pakistan,electricity,biomass,biomass (conv),regional biomass,2035,0.019828970100000003
EJ,Reference,Pakistan,electricity,biomass,biomass (conv),regional biomass,2040,0.032804243999999996
EJ,Reference,Pakistan,electricity,biomass,biomass (conv),regional biomass,2045,0.04944378557
EJ,Reference,Pakistan,electricity,biomass,biomass (conv),regional biomass,2050,0.06415563616000002
EJ,Reference,Pakistan,electricity,biomass,biomass (conv),regional biomass,2055,0.07126910787
EJ,Reference,Pakistan,electricity,biomass,biomass (conv),regional biomass,2060,0.09054472887099999
EJ,Reference,Pakistan,electricity,biomass,biomass (conv),regional biomass,2065,0.11355412077200001
EJ,Reference,Pakistan,electricity,biomass,biomass (conv),regional biomass,2070,0.140381448316
EJ,Reference,Pakistan,electricity,biomass,biomass (conv),regional biomass,2075,0.17182960418099996
EJ,Reference,Pakistan,electricity,biomass,biomass (conv),regional biomass,2080,0.20357882855909998
EJ,Reference,Pakistan,electricity,biomass,biomass (conv),regional biomass,2085,0.23413868428499998
EJ,Reference,Pakistan,electricity,biomass,biomass (conv),regional biomass,2090,0.27011012725619993
EJ,Reference,Pakistan,electricity,biomass,biomass (conv),regional biomass,2095,0.30453657163573
EJ,Reference,Pakistan,electricity,biomass,biomass (conv),regional biomass,2100,0.34065907843689003
EJ,Reference,Pakistan,electricity,coal,coal (IGCC),regional coal,2030,8.7987757e-4
EJ,Reference,Pakistan,electricity,coal,coal (IGCC),regional coal,2035,0.0018357063599999997
EJ,Reference,Pakistan,electricity,coal,coal (IGCC),regional coal,2040,0.0032609796300000003
EJ,Reference,Pakistan,electricity,coal,coal (IGCC),regional coal,2045,0.004971430919
EJ,Reference,Pakistan,electricity,coal,coal (IGCC),regional coal,2050,0.006515409746
EJ,Reference,Pakistan,electricity,coal,coal (IGCC),regional coal,2055,0.007599193582899999
EJ,Reference,Pakistan,electricity,coal,coal (IGCC),regional coal,2060,0.0095280365858
EJ,Reference,Pakistan,electricity,coal,coal (IGCC),regional coal,2065,0.011778518151450002
EJ,Reference,Pakistan,electricity,coal,coal (IGCC),regional coal,2070,0.014308855577690998
EJ,Reference,Pakistan,electricity,coal,coal (IGCC),regional coal,2075,0.01713872025351
EJ,Reference,Pakistan,electricity,coal,coal (IGCC),regional coal,2080,0.019890102922652992
EJ,Reference,Pakistan,electricity,coal,coal (IGCC),regional coal,2085,0.022472608214742996
EJ,Reference,Pakistan,electricity,coal,coal (IGCC),regional coal,2090,0.024460723750169996
EJ,Reference,Pakistan,electricity,coal,coal (IGCC),regional coal,2095,0.026314389864755004
EJ,Reference,Pakistan,electricity,coal,coal (IGCC),regional coal,2100,0.027563937762993006
EJ,Reference,Pakistan,electricity,coal,coal (conv pul),regional coal,1990,7.535259e-4
EJ,Reference,Pakistan,electricity,coal,coal (conv pul),regional coal,2005,0.0033903619999999996
EJ,Reference,Pakistan,electricity,coal,coal (conv pul),regional coal,2010,0.0023442588
EJ,Reference,Pakistan,electricity,coal,coal (conv pul),regional coal,2015,0.004981887
EJ,Reference,Pakistan,electricity,coal,coal (conv pul),regional coal,2021,0.23750374999999999
EJ,Reference,Pakistan,electricity,coal,coal (conv pul),regional coal,2025,0.290250955
EJ,Reference,Pakistan,electricity,coal,coal (conv pul),regional coal,2030,0.40248245900000007
EJ,Reference,Pakistan,electricity,coal,coal (conv pul),regional coal,2035,0.533669876
EJ,Reference,Pakistan,electricity,coal,coal (conv pul),regional coal,2040,0.7511588390000001
EJ,Reference,Pakistan,electricity,coal,coal (conv pul),regional coal,2045,1.029237092
EJ,Reference,Pakistan,electricity,coal,coal (conv pul),regional coal,2050,1.2877886707000001
EJ,Reference,Pakistan,electricity,coal,coal (conv pul),regional coal,2055,1.4730425339700002
EJ,Reference,Pakistan,electricity,coal,coal (conv pul),regional coal,2060,1.8483480321519998
EJ,Reference,Pakistan,electricity,coal,coal (conv pul),regional coal,2065,2.3161169754029998
EJ,Reference,Pakistan,electricity,coal,coal (conv pul),regional coal,2070,2.869712901154
EJ,Reference,Pakistan,electricity,coal,coal (conv pul),regional coal,2075,3.5182200357271993
EJ,Reference,Pakistan,electricity,coal,coal (conv pul),regional coal,2080,4.166500950854502
EJ,Reference,Pakistan,electricity,coal,coal (conv pul),regional coal,2085,4.757200875656501
EJ,Reference,Pakistan,electricity,coal,coal (conv pul),regional coal,2090,5.38204791712127
EJ,Reference,Pakistan,electricity,coal,coal (conv pul),regional coal,2095,5.991212817774212
EJ,Reference,Pakistan,electricity,coal,coal (conv pul),regional coal,2100,6.507843231246599
EJ,Reference,Pakistan,electricity,gas,gas (CC),wholesale gas,1990,0.003333956
EJ,Reference,Pakistan,electricity,gas,gas (CC),wholesale gas,2005,0.10387877
EJ,Reference,Pakistan,electricity,gas,gas (CC),wholesale gas,2021,0.2851424
EJ,Reference,Pakistan,electricity,gas,gas (CC),wholesale gas,2025,0.32019839
EJ,Reference,Pakistan,electricity,gas,gas (CC),wholesale gas,2030,0.40825036
EJ,Reference,Pakistan,electricity,gas,gas (CC),wholesale gas,2035,0.49380919999999995
EJ,Reference,Pakistan,electricity,gas,gas (CC),wholesale gas,2040,0.6252002000000001
EJ,Reference,Pakistan,electricity,gas,gas (CC),wholesale gas,2045,0.7939676200000001
EJ,Reference,Pakistan,electricity,gas,gas (CC),wholesale gas,2050,0.94269922
EJ,Reference,Pakistan,electricity,gas,gas (CC),wholesale gas,2055,1.0449123999999999
EJ,Reference,Pakistan,electricity,gas,gas (CC),wholesale gas,2060,1.2803217119999997
EJ,Reference,Pakistan,electricity,gas,gas (CC),wholesale gas,2065,1.5378991300000002
EJ,Reference,Pakistan,electricity,gas,gas (CC),wholesale gas,2070,1.8167655500000002
EJ,Reference,Pakistan,electricity,gas,gas (CC),wholesale gas,2075,2.0908655009999997
EJ,Reference,Pakistan,electricity,gas,gas (CC),wholesale gas,2080,2.3447481960000003
EJ,Reference,Pakistan,electricity,gas,gas (CC),wholesale gas,2085,2.5340209859999994
EJ,Reference,Pakistan,electricity,gas,gas (CC),wholesale gas,2090,2.744256052
EJ,Reference,Pakistan,electricity,gas,gas (CC),wholesale gas,2095,2.9730358390000005
EJ,Reference,Pakistan,electricity,gas,gas (CC),wholesale gas,2100,3.235692791499999
EJ,Reference,Pakistan,electricity,gas,gas (steam/CT),wholesale gas,1990,0.14703623000000002
EJ,Reference,Pakistan,electricity,gas,gas (steam/CT),wholesale gas,2005,0.2929604
EJ,Reference,Pakistan,electricity,gas,gas (steam/CT),wholesale gas,2010,0.25828701
EJ,Reference,Pakistan,electricity,gas,gas (steam/CT),wholesale gas,2015,0.341197
EJ,Reference,Pakistan,electricity,gas,gas (steam/CT),wholesale gas,2021,0.09568497
EJ,Reference,Pakistan,electricity,gas,gas (steam/CT),wholesale gas,2025,0.089940538
EJ,Reference,Pakistan,electricity,gas,gas (steam/CT),wholesale gas,2030,0.109703546
EJ,Reference,Pakistan,electricity,gas,gas (steam/CT),wholesale gas,2035,0.12388032820000001
EJ,Reference,Pakistan,electricity,gas,gas (steam/CT),wholesale gas,2040,0.1474060421
EJ,Reference,Pakistan,electricity,gas,gas (steam/CT),wholesale gas,2045,0.17927743540000002
EJ,Reference,Pakistan,electricity,gas,gas (steam/CT),wholesale gas,2050,0.1971996977
EJ,Reference,Pakistan,electricity,gas,gas (steam/CT),wholesale gas,2055,0.20415737531000006
EJ,Reference,Pakistan,electricity,gas,gas (steam/CT),wholesale gas,2060,0.23322169910499999
EJ,Reference,Pakistan,electricity,gas,gas (steam/CT),wholesale gas,2065,0.24507035599399998
EJ,Reference,Pakistan,electricity,gas,gas (steam/CT),wholesale gas,2070,0.24540263653
EJ,Reference,Pakistan,electricity,gas,gas (steam/CT),wholesale gas,2075,0.2373499874673
EJ,Reference,Pakistan,electricity,gas,gas (steam/CT),wholesale gas,2080,0.2267174721614
EJ,Reference,Pakistan,electricity,gas,gas (steam/CT),wholesale gas,2085,0.21233660424909997
EJ,Reference,Pakistan,electricity,gas,gas (steam/CT),wholesale gas,2090,0.2002341256851699
EJ,Reference,Pakistan,electricity,gas,gas (steam/CT),wholesale gas,2095,0.19201513637427003
EJ,Reference,Pakistan,electricity,gas,gas (steam/CT),wholesale gas,2100,0.18927652669341
EJ,Reference,Pakistan,electricity,geothermal,geothermal,geothermal,2025,0.0117089
EJ,Reference,Pakistan,electricity,geothermal,geothermal,geothermal,2030,0.06275668000000001
EJ,Reference,Pakistan,electricity,geothermal,geothermal,geothermal,2035,0.14037208
EJ,Reference,Pakistan,electricity,geothermal,geothermal,geothermal,2040,0.26324653000000003
EJ,Reference,Pakistan,electricity,geothermal,geothermal,geothermal,2045,0.40085747000000005
EJ,Reference,Pakistan,electricity,geothermal,geothermal,geothermal,2050,0.50953049
EJ,Reference,Pakistan,electricity,geothermal,geothermal,geothermal,2055,0.5661668000000001
EJ,Reference,Pakistan,electricity,geothermal,geothermal,geothermal,2060,0.6360840999999999
EJ,Reference,Pakistan,electricity,geothermal,geothermal,geothermal,2065,0.6918045
EJ,Reference,Pakistan,electricity,geothermal,geothermal,geothermal,2070,0.7319064999999999
EJ,Reference,Pakistan,electricity,geothermal,geothermal,geothermal,2075,0.7615704
EJ,Reference,Pakistan,electricity,geothermal,geothermal,geothermal,2080,0.7615707
EJ,Reference,Pakistan,electricity,geothermal,geothermal,geothermal,2085,0.7615694999999999
EJ,Reference,Pakistan,electricity,geothermal,geothermal,geothermal,2090,0.7615695
EJ,Reference,Pakistan,electricity,geothermal,geothermal,geothermal,2095,0.7615668999999999
EJ,Reference,Pakistan,electricity,geothermal,geothermal,geothermal,2100,0.7615694000000001
EJ,Reference,Pakistan,electricity,nuclear,Gen_III,nuclearFuelGenIII,2030,0.0019263811
EJ,Reference,Pakistan,electricity,nuclear,Gen_III,nuclearFuelGenIII,2035,0.006526072900000001
EJ,Reference,Pakistan,electricity,nuclear,Gen_III,nuclearFuelGenIII,2040,0.0148486518
EJ,Reference,Pakistan,electricity,nuclear,Gen_III,nuclearFuelGenIII,2045,0.026723669699999997
EJ,Reference,Pakistan,electricity,nuclear,Gen_III,nuclearFuelGenIII,2050,0.03916049450000001
EJ,Reference,Pakistan,electricity,nuclear,Gen_III,nuclearFuelGenIII,2055,0.0491610922
EJ,Reference,Pakistan,electricity,nuclear,Gen_III,nuclearFuelGenIII,2060,0.06817796070000001
EJ,Reference,Pakistan,electricity,nuclear,Gen_III,nuclearFuelGenIII,2065,0.0919393121
EJ,Reference,Pakistan,electricity,nuclear,Gen_III,nuclearFuelGenIII,2070,0.12043948130000001
EJ,Reference,Pakistan,electricity,nuclear,Gen_III,nuclearFuelGenIII,2075,0.1544120792
EJ,Reference,Pakistan,electricity,nuclear,Gen_III,nuclearFuelGenIII,2080,0.18971099900000002
EJ,Reference,Pakistan,electricity,nuclear,Gen_III,nuclearFuelGenIII,2085,0.2251883771
EJ,Reference,Pakistan,electricity,nuclear,Gen_III,nuclearFuelGenIII,2090,0.26556501200000004
EJ,Reference,Pakistan,electricity,nuclear,Gen_III,nuclearFuelGenIII,2095,0.305619743
EJ,Reference,Pakistan,electricity,nuclear,Gen_III,nuclearFuelGenIII,2100,0.34391073900000013
EJ,Reference,Pakistan,electricity,nuclear,Gen_II_LWR,nuclearFuelGenII,1990,0.003167758
EJ,Reference,Pakistan,electricity,nuclear,Gen_II_LWR,nuclearFuelGenII,2005,0.02685162
EJ,Reference,Pakistan,electricity,nuclear,Gen_II_LWR,nuclearFuelGenII,2010,0.03697453
EJ,Reference,Pakistan,electricity,nuclear,Gen_II_LWR,nuclearFuelGenII,2015,0.04978926
EJ,Reference,Pakistan,electricity,nuclear,Gen_II_LWR,nuclearFuelGenII,2021,0.16590647
EJ,Reference,Pakistan,electricity,nuclear,Gen_II_LWR,nuclearFuelGenII,2025,0.16125588
EJ,Reference,Pakistan,electricity,nuclear,Gen_II_LWR,nuclearFuelGenII,2030,0.15331483
EJ,Reference,Pakistan,electricity,nuclear,Gen_II_LWR,nuclearFuelGenII,2035,0.14223378
EJ,Reference,Pakistan,electricity,nuclear,Gen_II_LWR,nuclearFuelGenII,2040,0.12735798
EJ,Reference,Pakistan,electricity,nuclear,Gen_II_LWR,nuclearFuelGenII,2045,0.10869167
EJ,Reference,Pakistan,electricity,nuclear,Gen_II_LWR,nuclearFuelGenII,2050,0.08735962
EJ,Reference,Pakistan,electricity,nuclear,Gen_II_LWR,nuclearFuelGenII,2055,0.06658013
EJ,Reference,Pakistan,electricity,nuclear,Gen_II_LWR,nuclearFuelGenII,2060,0.04795516
EJ,Reference,Pakistan,electricity,nuclear,Gen_II_LWR,nuclearFuelGenII,2065,0.03281883
EJ,Reference,Pakistan,electricity,nuclear,Gen_II_LWR,nuclearFuelGenII,2070,0.02158566
EJ,Reference,Pakistan,electricity,nuclear,Gen_II_LWR,nuclearFuelGenII,2075,0.013798713
EJ,Reference,Pakistan,electricity,refined liquids,refined liquids (CC),refined liquids industrial,2025,0.007366653000000001
EJ,Reference,Pakistan,electricity,refined liquids,refined liquids (CC),refined liquids industrial,2030,0.0289977406
EJ,Reference,Pakistan,electricity,refined liquids,refined liquids (CC),refined liquids industrial,2035,0.060705375199999995
EJ,Reference,Pakistan,electricity,refined liquids,refined liquids (CC),refined liquids industrial,2040,0.13016211839999997
EJ,Reference,Pakistan,electricity,refined liquids,refined liquids (CC),refined liquids industrial,2045,0.2189710125
EJ,Reference,Pakistan,electricity,refined liquids,refined liquids (CC),refined liquids industrial,2050,0.28091386135000007
EJ,Reference,Pakistan,electricity,refined liquids,refined liquids (CC),refined liquids industrial,2055,0.2841528126199999
EJ,Reference,Pakistan,electricity,refined liquids,refined liquids (CC),refined liquids industrial,2060,0.37102857187
EJ,Reference,Pakistan,electricity,refined liquids,refined liquids (CC),refined liquids industrial,2065,0.43826998156099994
EJ,Reference,Pakistan,electricity,refined liquids,refined liquids (CC),refined liquids industrial,2070,0.49277072164099994
EJ,Reference,Pakistan,electricity,refined liquids,refined liquids (CC),refined liquids industrial,2075,0.530762327144
EJ,Reference,Pakistan,electricity,refined liquids,refined liquids (CC),refined liquids industrial,2080,0.535432428531
EJ,Reference,Pakistan,electricity,refined liquids,refined liquids (CC),refined liquids industrial,2085,0.5079350602882999
EJ,Reference,Pakistan,electricity,refined liquids,refined liquids (CC),refined liquids industrial,2090,0.46962454884099997
EJ,Reference,Pakistan,electricity,refined liquids,refined liquids (CC),refined liquids industrial,2095,0.4157578316476999
EJ,Reference,Pakistan,electricity,refined liquids,refined liquids (CC),refined liquids industrial,2100,0.3958053772675
EJ,Reference,Pakistan,electricity,refined liquids,refined liquids (steam/CT),refined liquids industrial,1990,0.09084169
EJ,Reference,Pakistan,electricity,refined liquids,refined liquids (steam/CT),refined liquids industrial,2005,0.17202934
EJ,Reference,Pakistan,electricity,refined liquids,refined liquids (steam/CT),refined liquids industrial,2010,0.3320474
EJ,Reference,Pakistan,electricity,refined liquids,refined liquids (steam/CT),refined liquids industrial,2015,0.31750100000000003
EJ,Reference,Pakistan,electricity,refined liquids,refined liquids (steam/CT),refined liquids industrial,2021,0.17584691
EJ,Reference,Pakistan,electricity,refined liquids,refined liquids (steam/CT),refined liquids industrial,2025,0.15173876
EJ,Reference,Pakistan,electricity,refined liquids,refined liquids (steam/CT),refined liquids industrial,2030,0.174173191
EJ,Reference,Pakistan,electricity,refined liquids,refined liquids (steam/CT),refined liquids industrial,2035,0.193408317
EJ,Reference,Pakistan,electricity,refined liquids,refined liquids (steam/CT),refined liquids industrial,2040,0.21766139300000006
EJ,Reference,Pakistan,electricity,refined liquids,refined liquids (steam/CT),refined liquids industrial,2045,0.22795295299999996
EJ,Reference,Pakistan,electricity,refined liquids,refined liquids (steam/CT),refined liquids industrial,2050,0.222987406
EJ,Reference,Pakistan,electricity,refined liquids,refined liquids (steam/CT),refined liquids industrial,2055,0.20109328659999995
EJ,Reference,Pakistan,electricity,refined liquids,refined liquids (steam/CT),refined liquids industrial,2060,0.19454207527999998
EJ,Reference,Pakistan,electricity,refined liquids,refined liquids (steam/CT),refined liquids industrial,2065,0.17989418235000001
EJ,Reference,Pakistan,electricity,refined liquids,refined liquids (steam/CT),refined liquids industrial,2070,0.164959719161
EJ,Reference,Pakistan,electricity,refined liquids,refined liquids (steam/CT),refined liquids industrial,2075,0.136754284944
EJ,Reference,Pakistan,electricity,refined liquids,refined liquids (steam/CT),refined liquids industrial,2080,0.110422663125
EJ,Reference,Pakistan,electricity,refined liquids,refined liquids (steam/CT),refined liquids industrial,2085,0.080057246512
EJ,Reference,Pakistan,electricity,refined liquids,refined liquids (steam/CT),refined liquids industrial,2090,0.05588063373809999
EJ,Reference,Pakistan,electricity,refined liquids,refined liquids (steam/CT),refined liquids industrial,2095,0.041642833340999996
EJ,Reference,Pakistan,electricity,refined liquids,refined liquids (steam/CT),refined liquids industrial,2100,0.036654418727700006
EJ,Reference,Pakistan,electricity,solar,CSP_storage,global solar resource,2025,3.84201283e-6
EJ,Reference,Pakistan,electricity,solar,CSP_storage,global solar resource,2030,8.420922853e-5
EJ,Reference,Pakistan,electricity,solar,CSP_storage,global solar resource,2035,3.2976009253e-4
EJ,Reference,Pakistan,electricity,solar,CSP_storage,global solar resource,2040,0.0011076428725300001
EJ,Reference,Pakistan,electricity,solar,CSP_storage,global solar resource,2045,0.0026679509725299998
EJ,Reference,Pakistan,electricity,solar,CSP_storage,global solar resource,2050,0.00474814267253
EJ,Reference,Pakistan,electricity,solar,CSP_storage,global solar resource,2055,0.0067070712596999996
EJ,Reference,Pakistan,electricity,solar,CSP_storage,global solar resource,2060,0.010701270444
EJ,Reference,Pakistan,electricity,solar,CSP_storage,global solar resource,2065,0.015916645580000006
EJ,Reference,Pakistan,electricity,solar,CSP_storage,global solar resource,2070,0.021907754800000002
EJ,Reference,Pakistan,electricity,solar,CSP_storage,global solar resource,2075,0.0284177627
EJ,Reference,Pakistan,electricity,solar,CSP_storage,global solar resource,2080,0.03495492299999999
EJ,Reference,Pakistan,electricity,solar,CSP_storage,global solar resource,2085,0.0418425774
EJ,Reference,Pakistan,electricity,solar,CSP_storage,global solar resource,2090,0.04823607
EJ,Reference,Pakistan,electricity,solar,CSP_storage,global solar resource,2095,0.053568114
EJ,Reference,Pakistan,electricity,solar,CSP_storage,global solar resource,2100,0.057714051999999995
EJ,Reference,Pakistan,electricity,solar,PV,global solar resource,2015,7.45282e-4
EJ,Reference,Pakistan,electricity,solar,PV,global solar resource,2021,0.00322907
EJ,Reference,Pakistan,electricity,solar,PV,global solar resource,2025,0.02560527
EJ,Reference,Pakistan,electricity,solar,PV,global solar resource,2030,0.12535497
EJ,Reference,Pakistan,electricity,solar,PV,global solar resource,2035,0.23460897000000003
EJ,Reference,Pakistan,electricity,solar,PV,global solar resource,2040,0.39272397000000003
EJ,Reference,Pakistan,electricity,solar,PV,global solar resource,2045,0.57958997
EJ,Reference,Pakistan,electricity,solar,PV,global solar resource,2050,0.7354478999999999
EJ,Reference,Pakistan,electricity,solar,PV,global solar resource,2055,0.8187156999999999
EJ,Reference,Pakistan,electricity,solar,PV,global solar resource,2060,0.9148000000000001
EJ,Reference,Pakistan,electricity,solar,PV,global solar resource,2065,1.0388719999999998
EJ,Reference,Pakistan,electricity,solar,PV,global solar resource,2070,1.1541830000000002
EJ,Reference,Pakistan,electricity,solar,PV,global solar resource,2075,1.293366
EJ,Reference,Pakistan,electricity,solar,PV,global solar resource,2080,1.454318
EJ,Reference,Pakistan,electricity,solar,PV,global solar resource,2085,1.647357
EJ,Reference,Pakistan,electricity,solar,PV,global solar resource,2090,1.792243
EJ,Reference,Pakistan,electricity,solar,PV,global solar resource,2095,1.904967
EJ,Reference,Pakistan,electricity,solar,PV,global solar resource,2100,1.977984
EJ,Reference,Pakistan,electricity,solar,PV_storage,global solar resource,2025,2.58041e-6
EJ,Reference,Pakistan,electricity,solar,PV_storage,global solar resource,2030,4.776831e-5
EJ,Reference,Pakistan,electricity,solar,PV_storage,global solar resource,2035,2.0417131000000002e-4
EJ,Reference,Pakistan,electricity,solar,PV_storage,global solar resource,2040,7.8583531e-4
EJ,Reference,Pakistan,electricity,solar,PV_storage,global solar resource,2045,0.0021226753099999997
EJ,Reference,Pakistan,electricity,solar,PV_storage,global solar resource,2050,0.00406994531
EJ,Reference,Pakistan,electricity,solar,PV_storage,global solar resource,2055,0.0060006049
EJ,Reference,Pakistan,electricity,solar,PV_storage,global solar resource,2060,0.010050607
EJ,Reference,Pakistan,electricity,solar,PV_storage,global solar resource,2065,0.015318784
EJ,Reference,Pakistan,electricity,solar,PV_storage,global solar resource,2070,0.021252010000000002
EJ,Reference,Pakistan,electricity,solar,PV_storage,global solar resource,2075,0.02733667
EJ,Reference,Pakistan,electricity,solar,PV_storage,global solar resource,2080,0.03290188
EJ,Reference,Pakistan,electricity,solar,PV_storage,global solar resource,2085,0.03834571
EJ,Reference,Pakistan,electricity,solar,PV_storage,global solar resource,2090,0.0425556
EJ,Reference,Pakistan,electricity,solar,PV_storage,global solar resource,2095,0.04521017
EJ,Reference,Pakistan,electricity,solar,PV_storage,global solar resource,2100,0.04642134
EJ,Reference,Pakistan,electricity,wind,wind,onshore wind resource,2015,0.00282991
EJ,Reference,Pakistan,electricity,wind,wind,onshore wind resource,2021,0.0112784
EJ,Reference,Pakistan,electricity,wind,wind,onshore wind resource,2025,0.0238065
EJ,Reference,Pakistan,electricity,wind,wind,onshore wind resource,2030,0.0779393
EJ,Reference,Pakistan,electricity,wind,wind,onshore wind resource,2035,0.1431
EJ,Reference,Pakistan,electricity,wind,wind,onshore wind resource,2040,0.243776
EJ,Reference,Pakistan,electricity,wind,wind,onshore wind resource,2045,0.365792
EJ,Reference,Pakistan,electricity,wind,wind,onshore wind resource,2050,0.46582959999999995
EJ,Reference,Pakistan,electricity,wind,wind,onshore wind resource,2055,0.5322619000000001
EJ,Reference,Pakistan,electricity,wind,wind,onshore wind resource,2060,0.6240451
EJ,Reference,Pakistan,electricity,wind,wind,onshore wind resource,2065,0.7328984
EJ,Reference,Pakistan,electricity,wind,wind,onshore wind resource,2070,0.8331173999999999
EJ,Reference,Pakistan,electricity,wind,wind,onshore wind resource,2075,0.9413644
EJ,Reference,Pakistan,electricity,wind,wind,onshore wind resource,2080,1.0551574000000001
EJ,Reference,Pakistan,electricity,wind,wind,onshore wind resource,2085,1.185026
EJ,Reference,Pakistan,electricity,wind,wind,onshore wind resource,2090,1.274895
EJ,Reference,Pakistan,electricity,wind,wind,onshore wind resource,2095,1.3404729999999998
EJ,Reference,Pakistan,electricity,wind,wind,onshore wind resource,2100,1.3788719999999999
EJ,Reference,Pakistan,electricity,wind,wind_offshore,offshore wind resource,2025,1.21056e-5
EJ,Reference,Pakistan,electricity,wind,wind_offshore,offshore wind resource,2030,1.4980560000000002e-4
EJ,Reference,Pakistan,electricity,wind,wind_offshore,offshore wind resource,2035,4.557416e-4
EJ,Reference,Pakistan,electricity,wind,wind_offshore,offshore wind resource,2040,0.0011964696
EJ,Reference,Pakistan,electricity,wind,wind_offshore,offshore wind resource,2045,0.0024357095999999996
EJ,Reference,Pakistan,electricity,wind,wind_offshore,offshore wind resource,2050,0.003848504
EJ,Reference,Pakistan,electricity,wind,wind_offshore,offshore wind resource,2055,0.004769514
EJ,Reference,Pakistan,electricity,wind,wind_offshore,offshore wind resource,2060,0.006349558
EJ,Reference,Pakistan,electricity,wind,wind_offshore,offshore wind resource,2065,0.00782673
EJ,Reference,Pakistan,electricity,wind,wind_offshore,offshore wind resource,2070,0.009071929999999999
EJ,Reference,Pakistan,electricity,wind,wind_offshore,offshore wind resource,2075,0.01042233
EJ,Reference,Pakistan,electricity,wind,wind_offshore,offshore wind resource,2080,0.0120753
EJ,Reference,Pakistan,electricity,wind,wind_offshore,offshore wind resource,2085,0.012796250000000002
EJ,Reference,Pakistan,electricity,wind,wind_offshore,offshore wind resource,2090,0.01350992
EJ,Reference,Pakistan,electricity,wind,wind_offshore,offshore wind resource,2095,0.01387372
EJ,Reference,Pakistan,electricity,wind,wind_offshore,offshore wind resource,2100,0.013831689999999999
EJ,Reference,Pakistan,electricity,wind,wind_storage,onshore wind resource,2025,1.24016e-5
EJ,Reference,Pakistan,electricity,wind,wind_storage,onshore wind resource,2030,1.607116e-4
EJ,Reference,Pakistan,electricity,wind,wind_storage,onshore wind resource,2035,5.688956e-4
EJ,Reference,Pakistan,electricity,wind,wind_storage,onshore wind resource,2040,0.0018181156000000001
EJ,Reference,Pakistan,electricity,wind,wind_storage,onshore wind resource,2045,0.0043439556
EJ,Reference,Pakistan,electricity,wind,wind_storage,onshore wind resource,2050,0.0075522856
EJ,Reference,Pakistan,electricity,wind,wind_storage,onshore wind resource,2055,0.010430414
EJ,Reference,Pakistan,electricity,wind,wind_storage,onshore wind resource,2060,0.016237203999999998
EJ,Reference,Pakistan,electricity,wind,wind_storage,onshore wind resource,2065,0.02358131
EJ,Reference,Pakistan,electricity,wind,wind_storage,onshore wind resource,2070,0.03160728
EJ,Reference,Pakistan,electricity,wind,wind_storage,onshore wind resource,2075,0.039820140000000004
EJ,Reference,Pakistan,electricity,wind,wind_storage,onshore wind resource,2080,0.04750021000000001
EJ,Reference,Pakistan,electricity,wind,wind_storage,onshore wind resource,2085,0.05516588000000001
EJ,Reference,Pakistan,electricity,wind,wind_storage,onshore wind resource,2090,0.061128180000000004
EJ,Reference,Pakistan,electricity,wind,wind_storage,onshore wind resource,2095,0.06499139000000001
EJ,Reference,Pakistan,electricity,wind,wind_storage,onshore wind resource,2100,0.0668793
