Units,scenario,region,ghg,year,value
Gg,Reference,Pakistan,HFC125,2005,0.061525818
Gg,Reference,Pakistan,HFC125,2010,0.14388796
Gg,Reference,Pakistan,HFC125,2015,0.36322056999999996
Gg,Reference,Pakistan,HFC125,2021,1.2015368
Gg,Reference,Pakistan,HFC125,2025,1.6658922999999999
Gg,Reference,Pakistan,HFC125,2030,2.6012255
Gg,Reference,Pakistan,HFC125,2035,3.3699902
Gg,Reference,Pakistan,HFC125,2040,4.383318
Gg,Reference,Pakistan,HFC125,2045,5.709163
Gg,Reference,Pakistan,HFC125,2050,7.412417000000001
Gg,Reference,Pakistan,HFC125,2055,9.474751
Gg,Reference,Pakistan,HFC125,2060,11.879804
Gg,Reference,Pakistan,HFC125,2065,14.549247
Gg,Reference,Pakistan,HFC125,2070,17.330092
Gg,Reference,Pakistan,HFC125,2075,20.138783
Gg,Reference,Pakistan,HFC125,2080,22.796429
Gg,Reference,Pakistan,HFC125,2085,25.208035000000002
Gg,Reference,Pakistan,HFC125,2090,27.35201
Gg,Reference,Pakistan,HFC125,2095,29.17841
Gg,Reference,Pakistan,HFC125,2100,30.655849999999997
Gg,Reference,Pakistan,HFC134a,2005,0.39459935999999995
Gg,Reference,Pakistan,HFC134a,2010,0.69942039
Gg,Reference,Pakistan,HFC134a,2015,1.7455591
Gg,Reference,Pakistan,HFC134a,2021,3.1915477
Gg,Reference,Pakistan,HFC134a,2025,3.8445373
Gg,Reference,Pakistan,HFC134a,2030,5.3832521
Gg,Reference,Pakistan,HFC134a,2035,7.1378488
Gg,Reference,Pakistan,HFC134a,2040,9.5311704
Gg,Reference,Pakistan,HFC134a,2045,12.7881681
Gg,Reference,Pakistan,HFC134a,2050,17.129492199999998
Gg,Reference,Pakistan,HFC134a,2055,22.5988425
Gg,Reference,Pakistan,HFC134a,2060,29.259200900000003
Gg,Reference,Pakistan,HFC134a,2065,36.9777609
Gg,Reference,Pakistan,HFC134a,2070,45.3998213
Gg,Reference,Pakistan,HFC134a,2075,54.331088799999996
Gg,Reference,Pakistan,HFC134a,2080,63.20560470000001
Gg,Reference,Pakistan,HFC134a,2085,71.6707469
Gg,Reference,Pakistan,HFC134a,2090,79.61684939999999
Gg,Reference,Pakistan,HFC134a,2095,86.79920349999999
Gg,Reference,Pakistan,HFC134a,2100,92.94794329999999
Gg,Reference,Pakistan,HFC143a,2005,0.07566942400000001
Gg,Reference,Pakistan,HFC143a,2010,0.15598668
Gg,Reference,Pakistan,HFC143a,2015,0.39376155999999995
Gg,Reference,Pakistan,HFC143a,2021,1.3014557
Gg,Reference,Pakistan,HFC143a,2025,1.8041778000000002
Gg,Reference,Pakistan,HFC143a,2030,2.8168182
Gg,Reference,Pakistan,HFC143a,2035,3.6493276000000003
Gg,Reference,Pakistan,HFC143a,2040,4.746684
Gg,Reference,Pakistan,HFC143a,2045,6.182499
Gg,Reference,Pakistan,HFC143a,2050,8.027031
Gg,Reference,Pakistan,HFC143a,2055,10.260480000000001
Gg,Reference,Pakistan,HFC143a,2060,12.865121
Gg,Reference,Pakistan,HFC143a,2065,15.756109
Gg,Reference,Pakistan,HFC143a,2070,18.76783
Gg,Reference,Pakistan,HFC143a,2075,21.809759
Gg,Reference,Pakistan,HFC143a,2080,24.688181999999998
Gg,Reference,Pakistan,HFC143a,2085,27.300199999999997
Gg,Reference,Pakistan,HFC143a,2090,29.622320000000002
Gg,Reference,Pakistan,HFC143a,2095,31.60058
Gg,Reference,Pakistan,HFC143a,2100,33.20091
Gg,Reference,Pakistan,HFC152a,2005,0.0301677
Gg,Reference,Pakistan,HFC152a,2010,0.0444216
Gg,Reference,Pakistan,HFC152a,2015,0.0822431
Gg,Reference,Pakistan,HFC152a,2021,0.0822431
Gg,Reference,Pakistan,HFC152a,2025,0.031579
Gg,Reference,Pakistan,HFC152a,2030,0.0320348
Gg,Reference,Pakistan,HFC152a,2035,0.0337215
Gg,Reference,Pakistan,HFC152a,2040,0.035144
Gg,Reference,Pakistan,HFC152a,2045,0.0362614
Gg,Reference,Pakistan,HFC152a,2050,0.0383507
Gg,Reference,Pakistan,HFC152a,2055,0.0405852
Gg,Reference,Pakistan,HFC152a,2060,0.0426647
Gg,Reference,Pakistan,HFC152a,2065,0.0445144
Gg,Reference,Pakistan,HFC152a,2070,0.0461149
Gg,Reference,Pakistan,HFC152a,2075,0.0474451
Gg,Reference,Pakistan,HFC152a,2080,0.048504
Gg,Reference,Pakistan,HFC152a,2085,0.0493513
Gg,Reference,Pakistan,HFC152a,2090,0.0500341
Gg,Reference,Pakistan,HFC152a,2095,0.0505638
Gg,Reference,Pakistan,HFC152a,2100,0.050962
Gg,Reference,Pakistan,HFC227ea,2005,0.00858987
Gg,Reference,Pakistan,HFC227ea,2010,0.0119759
Gg,Reference,Pakistan,HFC227ea,2015,0.0266336
Gg,Reference,Pakistan,HFC227ea,2021,0.0266336
Gg,Reference,Pakistan,HFC227ea,2025,0.0128851
Gg,Reference,Pakistan,HFC227ea,2030,0.0151167
Gg,Reference,Pakistan,HFC227ea,2035,0.0165073
Gg,Reference,Pakistan,HFC227ea,2040,0.0178718
Gg,Reference,Pakistan,HFC227ea,2045,0.0191854
Gg,Reference,Pakistan,HFC227ea,2050,0.0204563
Gg,Reference,Pakistan,HFC227ea,2055,0.0216481
Gg,Reference,Pakistan,HFC227ea,2060,0.0227574
Gg,Reference,Pakistan,HFC227ea,2065,0.023744
Gg,Reference,Pakistan,HFC227ea,2070,0.0245977
Gg,Reference,Pakistan,HFC227ea,2075,0.0253072
Gg,Reference,Pakistan,HFC227ea,2080,0.025872
Gg,Reference,Pakistan,HFC227ea,2085,0.026324
Gg,Reference,Pakistan,HFC227ea,2090,0.0266882
Gg,Reference,Pakistan,HFC227ea,2095,0.0269707
Gg,Reference,Pakistan,HFC227ea,2100,0.0271831
Gg,Reference,Pakistan,HFC23,2005,5.473863000000001e-4
Gg,Reference,Pakistan,HFC23,2010,2.101709e-4
Gg,Reference,Pakistan,HFC23,2015,5.305399999999999e-4
Gg,Reference,Pakistan,HFC23,2021,0.0014084418000000001
Gg,Reference,Pakistan,HFC23,2025,0.0018804856
Gg,Reference,Pakistan,HFC23,2030,0.0028447369000000004
Gg,Reference,Pakistan,HFC23,2035,0.0037062667999999996
Gg,Reference,Pakistan,HFC23,2040,0.004851837
Gg,Reference,Pakistan,HFC23,2045,0.006366197
Gg,Reference,Pakistan,HFC23,2050,0.008330875
Gg,Reference,Pakistan,HFC23,2055,0.010735917
Gg,Reference,Pakistan,HFC23,2060,0.013575282999999999
Gg,Reference,Pakistan,HFC23,2065,0.01676675
Gg,Reference,Pakistan,HFC23,2070,0.020138161
Gg,Reference,Pakistan,HFC23,2075,0.023595383
Gg,Reference,Pakistan,HFC23,2080,0.02691862
Gg,Reference,Pakistan,HFC23,2085,0.0299846
Gg,Reference,Pakistan,HFC23,2090,0.03276168
Gg,Reference,Pakistan,HFC23,2095,0.035177990000000006
Gg,Reference,Pakistan,HFC23,2100,0.03717388
Gg,Reference,Pakistan,HFC236fa,2005,2.31217e-4
Gg,Reference,Pakistan,HFC236fa,2010,2.65641e-4
Gg,Reference,Pakistan,HFC236fa,2015,5.90765e-4
Gg,Reference,Pakistan,HFC236fa,2021,5.90765e-4
Gg,Reference,Pakistan,HFC236fa,2025,2.00256e-4
Gg,Reference,Pakistan,HFC236fa,2030,2.27105e-4
Gg,Reference,Pakistan,HFC236fa,2035,2.47996e-4
Gg,Reference,Pakistan,HFC236fa,2040,2.68495e-4
Gg,Reference,Pakistan,HFC236fa,2045,2.8823e-4
Gg,Reference,Pakistan,HFC236fa,2050,3.07323e-4
Gg,Reference,Pakistan,HFC236fa,2055,3.25229e-4
Gg,Reference,Pakistan,HFC236fa,2060,3.41893e-4
Gg,Reference,Pakistan,HFC236fa,2065,3.56715e-4
Gg,Reference,Pakistan,HFC236fa,2070,3.69541e-4
Gg,Reference,Pakistan,HFC236fa,2075,3.802e-4
Gg,Reference,Pakistan,HFC236fa,2080,3.88686e-4
Gg,Reference,Pakistan,HFC236fa,2085,3.95476e-4
Gg,Reference,Pakistan,HFC236fa,2090,4.00947e-4
Gg,Reference,Pakistan,HFC236fa,2095,4.05192e-4
Gg,Reference,Pakistan,HFC236fa,2100,4.08383e-4
Gg,Reference,Pakistan,HFC245fa,2005,0.00337562
Gg,Reference,Pakistan,HFC245fa,2010,0.00761796
Gg,Reference,Pakistan,HFC245fa,2015,0.0182764
Gg,Reference,Pakistan,HFC245fa,2021,0.020969
Gg,Reference,Pakistan,HFC245fa,2025,0.0135471
Gg,Reference,Pakistan,HFC245fa,2030,0.0212075
Gg,Reference,Pakistan,HFC245fa,2035,0.0269943
Gg,Reference,Pakistan,HFC245fa,2040,0.0341854
Gg,Reference,Pakistan,HFC245fa,2045,0.0428772
Gg,Reference,Pakistan,HFC245fa,2050,0.0529572
Gg,Reference,Pakistan,HFC245fa,2055,0.0640701
Gg,Reference,Pakistan,HFC245fa,2060,0.0759496
Gg,Reference,Pakistan,HFC245fa,2065,0.0881757
Gg,Reference,Pakistan,HFC245fa,2070,0.10007
Gg,Reference,Pakistan,HFC245fa,2075,0.111344
Gg,Reference,Pakistan,HFC245fa,2080,0.12152
Gg,Reference,Pakistan,HFC245fa,2085,0.130453
Gg,Reference,Pakistan,HFC245fa,2090,0.138536
Gg,Reference,Pakistan,HFC245fa,2095,0.14606
Gg,Reference,Pakistan,HFC245fa,2100,0.152966
Gg,Reference,Pakistan,HFC32,2005,0.005507110900000001
Gg,Reference,Pakistan,HFC32,2010,0.011339338000000001
Gg,Reference,Pakistan,HFC32,2015,0.028624227
Gg,Reference,Pakistan,HFC32,2021,0.09482246999999999
Gg,Reference,Pakistan,HFC32,2025,0.13149503
Gg,Reference,Pakistan,HFC32,2030,0.20535733
Gg,Reference,Pakistan,HFC32,2035,0.26603812
Gg,Reference,Pakistan,HFC32,2040,0.34601762
Gg,Reference,Pakistan,HFC32,2045,0.45065619999999995
Gg,Reference,Pakistan,HFC32,2050,0.585069
Gg,Reference,Pakistan,HFC32,2055,0.7478085000000001
Gg,Reference,Pakistan,HFC32,2060,0.9375722
Gg,Reference,Pakistan,HFC32,2065,1.1481778
Gg,Reference,Pakistan,HFC32,2070,1.3675481999999999
Gg,Reference,Pakistan,HFC32,2075,1.5890875
Gg,Reference,Pakistan,HFC32,2080,1.7986887
Gg,Reference,Pakistan,HFC32,2085,1.9888598000000002
Gg,Reference,Pakistan,HFC32,2090,2.1578976
Gg,Reference,Pakistan,HFC32,2095,2.3018828
Gg,Reference,Pakistan,HFC32,2100,2.4183202999999995
Gg,Reference,Pakistan,HFC365mfc,2005,0.00142854
Gg,Reference,Pakistan,HFC365mfc,2010,0.0032101
Gg,Reference,Pakistan,HFC365mfc,2015,0.0077014
Gg,Reference,Pakistan,HFC365mfc,2021,0.00883603
Gg,Reference,Pakistan,HFC365mfc,2025,0.00817114
Gg,Reference,Pakistan,HFC365mfc,2030,0.0140563
Gg,Reference,Pakistan,HFC365mfc,2035,0.0178918
Gg,Reference,Pakistan,HFC365mfc,2040,0.022658
Gg,Reference,Pakistan,HFC365mfc,2045,0.028419
Gg,Reference,Pakistan,HFC365mfc,2050,0.0351
Gg,Reference,Pakistan,HFC365mfc,2055,0.0424656
Gg,Reference,Pakistan,HFC365mfc,2060,0.0503394
Gg,Reference,Pakistan,HFC365mfc,2065,0.0584428
Gg,Reference,Pakistan,HFC365mfc,2070,0.0663262
Gg,Reference,Pakistan,HFC365mfc,2075,0.0737985
Gg,Reference,Pakistan,HFC365mfc,2080,0.0805435
Gg,Reference,Pakistan,HFC365mfc,2085,0.0864645
Gg,Reference,Pakistan,HFC365mfc,2090,0.0918217
Gg,Reference,Pakistan,HFC365mfc,2095,0.0968087
Gg,Reference,Pakistan,HFC365mfc,2100,0.101386
Gg,Reference,Pakistan,HFC43,2005,0.00290613
Gg,Reference,Pakistan,HFC43,2010,0.0025807
Gg,Reference,Pakistan,HFC43,2015,0.00455464
Gg,Reference,Pakistan,HFC43,2021,0.00522567
Gg,Reference,Pakistan,HFC43,2025,0.00581202
Gg,Reference,Pakistan,HFC43,2030,0.00730409
Gg,Reference,Pakistan,HFC43,2035,0.00910826
Gg,Reference,Pakistan,HFC43,2040,0.0112954
Gg,Reference,Pakistan,HFC43,2045,0.0138673
Gg,Reference,Pakistan,HFC43,2050,0.0170533
Gg,Reference,Pakistan,HFC43,2055,0.0206319
Gg,Reference,Pakistan,HFC43,2060,0.0244573
Gg,Reference,Pakistan,HFC43,2065,0.0283943
Gg,Reference,Pakistan,HFC43,2070,0.0322245
Gg,Reference,Pakistan,HFC43,2075,0.0358549
Gg,Reference,Pakistan,HFC43,2080,0.039132
Gg,Reference,Pakistan,HFC43,2085,0.0420086
Gg,Reference,Pakistan,HFC43,2090,0.0446115
Gg,Reference,Pakistan,HFC43,2095,0.0470343
Gg,Reference,Pakistan,HFC43,2100,0.049258
Gg,Reference,Pakistan,SF6,1990,0.00910269
Gg,Reference,Pakistan,SF6,2005,0.0191919
Gg,Reference,Pakistan,SF6,2010,0.0214455
Gg,Reference,Pakistan,SF6,2015,0.0170624
Gg,Reference,Pakistan,SF6,2021,0.0239575
Gg,Reference,Pakistan,SF6,2025,0.0255813
Gg,Reference,Pakistan,SF6,2030,0.0346574
Gg,Reference,Pakistan,SF6,2035,0.0431642
Gg,Reference,Pakistan,SF6,2040,0.0555929
Gg,Reference,Pakistan,SF6,2045,0.0681584
Gg,Reference,Pakistan,SF6,2050,0.0816362
Gg,Reference,Pakistan,SF6,2055,0.0905026
Gg,Reference,Pakistan,SF6,2060,0.107699
Gg,Reference,Pakistan,SF6,2065,0.127524
Gg,Reference,Pakistan,SF6,2070,0.148349
Gg,Reference,Pakistan,SF6,2075,0.171139
Gg,Reference,Pakistan,SF6,2080,0.193705
Gg,Reference,Pakistan,SF6,2085,0.215328
Gg,Reference,Pakistan,SF6,2090,0.235658
Gg,Reference,Pakistan,SF6,2095,0.254364
Gg,Reference,Pakistan,SF6,2100,0.271375
Tg,Reference,Pakistan,BC,1975,0.005284793091299999
Tg,Reference,Pakistan,BC,1990,0.08529217937195002
Tg,Reference,Pakistan,BC,2005,0.1283727945471
Tg,Reference,Pakistan,BC,2010,0.1405728761624
Tg,Reference,Pakistan,BC,2015,0.156775050435093
Tg,Reference,Pakistan,BC,2021,0.177738788870411
Tg,Reference,Pakistan,BC,2025,0.172667783890233
Tg,Reference,Pakistan,BC,2030,0.164065063818239
Tg,Reference,Pakistan,BC,2035,0.15700292411297098
Tg,Reference,Pakistan,BC,2040,0.15068140363463
Tg,Reference,Pakistan,BC,2045,0.14680929233510698
Tg,Reference,Pakistan,BC,2050,0.14348085772487704
Tg,Reference,Pakistan,BC,2055,0.13800432996076092
Tg,Reference,Pakistan,BC,2060,0.13516871492059193
Tg,Reference,Pakistan,BC,2065,0.13304954510173397
Tg,Reference,Pakistan,BC,2070,0.13137784275051403
Tg,Reference,Pakistan,BC,2075,0.129730793809269
Tg,Reference,Pakistan,BC,2080,0.12781138206894307
Tg,Reference,Pakistan,BC,2085,0.12565962709622802
Tg,Reference,Pakistan,BC,2090,0.123544656963183
Tg,Reference,Pakistan,BC,2095,0.121265841141559
Tg,Reference,Pakistan,BC,2100,0.119052187472991
Tg,Reference,Pakistan,BC_AWB,1975,8.323626097019999e-4
Tg,Reference,Pakistan,BC_AWB,1990,7.435511448190001e-4
Tg,Reference,Pakistan,BC_AWB,2005,6.271139401390001e-4
Tg,Reference,Pakistan,BC_AWB,2010,6.012554134300001e-5
Tg,Reference,Pakistan,BC_AWB,2015,6.5089045691e-5
Tg,Reference,Pakistan,BC_AWB,2021,7.1445986358e-5
Tg,Reference,Pakistan,BC_AWB,2025,7.317900839099998e-5
Tg,Reference,Pakistan,BC_AWB,2030,7.7886792763e-5
Tg,Reference,Pakistan,BC_AWB,2035,8.173793536600002e-5
Tg,Reference,Pakistan,BC_AWB,2040,8.362964231799998e-5
Tg,Reference,Pakistan,BC_AWB,2045,8.2731986329e-5
Tg,Reference,Pakistan,BC_AWB,2050,8.017980333400002e-5
Tg,Reference,Pakistan,BC_AWB,2055,7.366731424800002e-5
Tg,Reference,Pakistan,BC_AWB,2060,6.8393807407e-5
Tg,Reference,Pakistan,BC_AWB,2065,6.2830378458e-5
Tg,Reference,Pakistan,BC_AWB,2070,5.722600641700001e-5
Tg,Reference,Pakistan,BC_AWB,2075,5.212398102700001e-5
Tg,Reference,Pakistan,BC_AWB,2080,4.734847784699998e-5
Tg,Reference,Pakistan,BC_AWB,2085,4.4212492273999995e-5
Tg,Reference,Pakistan,BC_AWB,2090,4.4435934286999976e-5
Tg,Reference,Pakistan,BC_AWB,2095,4.4615388771999984e-5
Tg,Reference,Pakistan,BC_AWB,2100,4.473585163400001e-5
Tg,Reference,Pakistan,CH4,1975,0.48976578741999993
Tg,Reference,Pakistan,CH4,1990,1.369243522771
Tg,Reference,Pakistan,CH4,2005,2.1708661547959998
Tg,Reference,Pakistan,CH4,2010,2.385206998973
Tg,Reference,Pakistan,CH4,2015,2.5535344755962996
Tg,Reference,Pakistan,CH4,2021,2.849743852036
Tg,Reference,Pakistan,CH4,2025,2.9502702956495006
Tg,Reference,Pakistan,CH4,2030,3.1381615726644005
Tg,Reference,Pakistan,CH4,2035,3.315884582124499
Tg,Reference,Pakistan,CH4,2040,3.48099320213608
Tg,Reference,Pakistan,CH4,2045,3.64733488199156
Tg,Reference,Pakistan,CH4,2050,3.8495919158552807
Tg,Reference,Pakistan,CH4,2055,4.066327401117332
Tg,Reference,Pakistan,CH4,2060,4.3245620883048606
Tg,Reference,Pakistan,CH4,2065,4.55689384368802
Tg,Reference,Pakistan,CH4,2070,4.752908388749751
Tg,Reference,Pakistan,CH4,2075,4.9108964875791825
Tg,Reference,Pakistan,CH4,2080,5.030181694023614
Tg,Reference,Pakistan,CH4,2085,5.095460127968626
Tg,Reference,Pakistan,CH4,2090,5.129119959560309
Tg,Reference,Pakistan,CH4,2095,5.145837181238658
Tg,Reference,Pakistan,CH4,2100,5.163027060493129
Tg,Reference,Pakistan,CH4_AGR,1975,0.8902080743999999
Tg,Reference,Pakistan,CH4_AGR,1990,2.4052394685000005
Tg,Reference,Pakistan,CH4_AGR,2005,3.4175368671
Tg,Reference,Pakistan,CH4_AGR,2010,3.9982578157000006
Tg,Reference,Pakistan,CH4_AGR,2015,4.7563790858
Tg,Reference,Pakistan,CH4_AGR,2021,5.591851601199999
Tg,Reference,Pakistan,CH4_AGR,2025,6.124199381945002
Tg,Reference,Pakistan,CH4_AGR,2030,7.039905654573
Tg,Reference,Pakistan,CH4_AGR,2035,8.038183033688998
Tg,Reference,Pakistan,CH4_AGR,2040,9.127277053891001
Tg,Reference,Pakistan,CH4_AGR,2045,10.278963576758
Tg,Reference,Pakistan,CH4_AGR,2050,11.513851028474997
Tg,Reference,Pakistan,CH4_AGR,2055,12.758318532464
Tg,Reference,Pakistan,CH4_AGR,2060,14.037691355140002
Tg,Reference,Pakistan,CH4_AGR,2065,15.287132563432998
Tg,Reference,Pakistan,CH4_AGR,2070,16.459814526424
Tg,Reference,Pakistan,CH4_AGR,2075,17.541976073692005
Tg,Reference,Pakistan,CH4_AGR,2080,18.506826764292
Tg,Reference,Pakistan,CH4_AGR,2085,19.357541000232995
Tg,Reference,Pakistan,CH4_AGR,2090,20.114672505804002
Tg,Reference,Pakistan,CH4_AGR,2095,20.776725522937998
Tg,Reference,Pakistan,CH4_AGR,2100,21.353649804258996
Tg,Reference,Pakistan,CH4_AWB,1975,0.006459141584048
Tg,Reference,Pakistan,CH4_AWB,1990,0.005769955828889
Tg,Reference,Pakistan,CH4_AWB,2005,0.004866403946961
Tg,Reference,Pakistan,CH4_AWB,2010,0.005419617543434999
Tg,Reference,Pakistan,CH4_AWB,2015,0.005866921547999999
Tg,Reference,Pakistan,CH4_AWB,2021,0.006439867429743
Tg,Reference,Pakistan,CH4_AWB,2025,0.0065960701074589964
Tg,Reference,Pakistan,CH4_AWB,2030,0.007020353726332001
Tg,Reference,Pakistan,CH4_AWB,2035,0.007367476772813003
Tg,Reference,Pakistan,CH4_AWB,2040,0.007537954162118002
Tg,Reference,Pakistan,CH4_AWB,2045,0.0074570614043469995
Tg,Reference,Pakistan,CH4_AWB,2050,0.007226991779699003
Tg,Reference,Pakistan,CH4_AWB,2055,0.006639969716683
Tg,Reference,Pakistan,CH4_AWB,2060,0.006164661547367999
Tg,Reference,Pakistan,CH4_AWB,2065,0.005663178044772003
Tg,Reference,Pakistan,CH4_AWB,2070,0.005158056233039998
Tg,Reference,Pakistan,CH4_AWB,2075,0.0046981873185129985
Tg,Reference,Pakistan,CH4_AWB,2080,0.004267784114045
Tg,Reference,Pakistan,CH4_AWB,2085,0.003985097553106998
Tg,Reference,Pakistan,CH4_AWB,2090,0.004005235563228001
Tg,Reference,Pakistan,CH4_AWB,2095,0.004021404837884
Tg,Reference,Pakistan,CH4_AWB,2100,0.004032244760278
Tg,Reference,Pakistan,CO,1975,0.4493617552700001
Tg,Reference,Pakistan,CO,1990,5.408095117369999
Tg,Reference,Pakistan,CO,2005,8.645093197750002
Tg,Reference,Pakistan,CO,2010,9.546609164029997
Tg,Reference,Pakistan,CO,2015,10.995646178321003
Tg,Reference,Pakistan,CO,2021,14.145227517429998
Tg,Reference,Pakistan,CO,2025,14.361833187485132
Tg,Reference,Pakistan,CO,2030,14.831242445203237
Tg,Reference,Pakistan,CO,2035,15.663388087789215
Tg,Reference,Pakistan,CO,2040,16.722919509507523
Tg,Reference,Pakistan,CO,2045,17.903426590559782
Tg,Reference,Pakistan,CO,2050,19.087447692376383
Tg,Reference,Pakistan,CO,2055,20.226445882708987
Tg,Reference,Pakistan,CO,2060,21.26977963733102
Tg,Reference,Pakistan,CO,2065,22.272143646439908
Tg,Reference,Pakistan,CO,2070,23.2093761880205
Tg,Reference,Pakistan,CO,2075,24.017951485221875
Tg,Reference,Pakistan,CO,2080,24.672443964881474
Tg,Reference,Pakistan,CO,2085,25.175011660333773
Tg,Reference,Pakistan,CO,2090,25.514923700131604
Tg,Reference,Pakistan,CO,2095,25.713662444153766
Tg,Reference,Pakistan,CO,2100,25.809008120017587
Tg,Reference,Pakistan,CO_AWB,1975,0.11320150065220205
Tg,Reference,Pakistan,CO_AWB,1990,0.101122996905514
Tg,Reference,Pakistan,CO_AWB,2005,0.08528762077429101
Tg,Reference,Pakistan,CO_AWB,2010,0.09498289866077995
Tg,Reference,Pakistan,CO_AWB,2015,0.10282231842706403
Tg,Reference,Pakistan,CO_AWB,2021,0.112863634977991
Tg,Reference,Pakistan,CO_AWB,2025,0.11560126271446895
Tg,Reference,Pakistan,CO_AWB,2030,0.12303694613793605
Tg,Reference,Pakistan,CO_AWB,2035,0.129120729129189
Tg,Reference,Pakistan,CO_AWB,2040,0.1321085314568
Tg,Reference,Pakistan,CO_AWB,2045,0.13069078240633902
Tg,Reference,Pakistan,CO_AWB,2050,0.12665855580628507
Tg,Reference,Pakistan,CO_AWB,2055,0.11637063576796909
Tg,Reference,Pakistan,CO_AWB,2060,0.10804034956959298
Tg,Reference,Pakistan,CO_AWB,2065,0.09925156413393307
Tg,Reference,Pakistan,CO_AWB,2070,0.09039900174626003
Tg,Reference,Pakistan,CO_AWB,2075,0.08233931336967304
Tg,Reference,Pakistan,CO_AWB,2080,0.074796201997875
Tg,Reference,Pakistan,CO_AWB,2085,0.06984193823822799
Tg,Reference,Pakistan,CO_AWB,2090,0.07019485443112701
Tg,Reference,Pakistan,CO_AWB,2095,0.07047823202150101
Tg,Reference,Pakistan,CO_AWB,2100,0.07066824485425698
Tg,Reference,Pakistan,H2,1975,4.0456905e-4
Tg,Reference,Pakistan,H2,1990,3.616089e-4
Tg,Reference,Pakistan,H2,2005,3.4693580000000004e-4
Tg,Reference,Pakistan,H2,2010,3.173839e-4
Tg,Reference,Pakistan,H2,2015,2.7905650000000003e-4
Tg,Reference,Pakistan,H2,2021,2.789773220000001e-4
Tg,Reference,Pakistan,H2,2025,3.161332191000001e-4
Tg,Reference,Pakistan,H2,2030,0.0011286929020000002
Tg,Reference,Pakistan,H2,2035,0.0031470483170000004
Tg,Reference,Pakistan,H2,2040,0.007056153934
Tg,Reference,Pakistan,H2,2045,0.009675744200000001
Tg,Reference,Pakistan,H2,2050,0.011890830393
Tg,Reference,Pakistan,H2,2055,0.014370938225000003
Tg,Reference,Pakistan,H2,2060,0.017102365051
Tg,Reference,Pakistan,H2,2065,0.019538386557000003
Tg,Reference,Pakistan,H2,2070,0.021621028487
Tg,Reference,Pakistan,H2,2075,0.023605637613000004
Tg,Reference,Pakistan,H2,2080,0.025537361637
Tg,Reference,Pakistan,H2,2085,0.027398816838
Tg,Reference,Pakistan,H2,2090,0.029149020995
Tg,Reference,Pakistan,H2,2095,0.030759954655000005
Tg,Reference,Pakistan,H2,2100,0.031980455534
Tg,Reference,Pakistan,H2_AWB,1975,0.002836158148533999
Tg,Reference,Pakistan,H2_AWB,1990,0.0025335444241370007
Tg,Reference,Pakistan,H2_AWB,2005,0.0021370410081669993
Tg,Reference,Pakistan,H2_AWB,2010,0.0023799774173869997
Tg,Reference,Pakistan,H2_AWB,2015,0.0025764072713099985
Tg,Reference,Pakistan,H2_AWB,2021,0.002828011441988001
Tg,Reference,Pakistan,H2_AWB,2025,0.0028966122932680004
Tg,Reference,Pakistan,H2_AWB,2030,0.0030829230933680004
Tg,Reference,Pakistan,H2_AWB,2035,0.003235366719420002
Tg,Reference,Pakistan,H2_AWB,2040,0.003310229915255
Tg,Reference,Pakistan,H2_AWB,2045,0.0032747048478359987
Tg,Reference,Pakistan,H2_AWB,2050,0.0031736695608689997
Tg,Reference,Pakistan,H2_AWB,2055,0.0029158871421729985
Tg,Reference,Pakistan,H2_AWB,2060,0.0027071550346679995
Tg,Reference,Pakistan,H2_AWB,2065,0.0024869364193230007
Tg,Reference,Pakistan,H2_AWB,2070,0.0022651171148679993
Tg,Reference,Pakistan,H2_AWB,2075,0.002063167764816001
Tg,Reference,Pakistan,H2_AWB,2080,0.0018741605380219995
Tg,Reference,Pakistan,H2_AWB,2085,0.001750020973976
Tg,Reference,Pakistan,H2_AWB,2090,0.0017588638145370004
Tg,Reference,Pakistan,H2_AWB,2095,0.0017659632985669996
Tg,Reference,Pakistan,H2_AWB,2100,0.0017707246550480009
Tg,Reference,Pakistan,N2O,1975,0.00717843032395
Tg,Reference,Pakistan,N2O,1990,0.013326434358990003
Tg,Reference,Pakistan,N2O,2005,0.0200229088556
Tg,Reference,Pakistan,N2O,2010,0.0222249584392
Tg,Reference,Pakistan,N2O,2015,0.023791073324529004
Tg,Reference,Pakistan,N2O,2021,0.028530560707099997
Tg,Reference,Pakistan,N2O,2025,0.02934600699593
Tg,Reference,Pakistan,N2O,2030,0.030712807689529997
Tg,Reference,Pakistan,N2O,2035,0.03251180307834
Tg,Reference,Pakistan,N2O,2040,0.03424033735122
Tg,Reference,Pakistan,N2O,2045,0.03693954425974998
Tg,Reference,Pakistan,N2O,2050,0.03977255043536
Tg,Reference,Pakistan,N2O,2055,0.042614529395370984
Tg,Reference,Pakistan,N2O,2060,0.04606155692961803
Tg,Reference,Pakistan,N2O,2065,0.049754224769232004
Tg,Reference,Pakistan,N2O,2070,0.05359775542527904
Tg,Reference,Pakistan,N2O,2075,0.057527744587087024
Tg,Reference,Pakistan,N2O,2080,0.061288848608667984
Tg,Reference,Pakistan,N2O,2085,0.06478463763830301
Tg,Reference,Pakistan,N2O,2090,0.06829248726077403
Tg,Reference,Pakistan,N2O,2095,0.07166522286880198
Tg,Reference,Pakistan,N2O,2100,0.07483556393260002
Tg,Reference,Pakistan,N2O_AGR,1975,0.027237126094127005
Tg,Reference,Pakistan,N2O_AGR,1990,0.08160155237927201
Tg,Reference,Pakistan,N2O_AGR,2005,0.13286090167112996
Tg,Reference,Pakistan,N2O_AGR,2010,0.15544164735533003
Tg,Reference,Pakistan,N2O_AGR,2015,0.20155147440528
Tg,Reference,Pakistan,N2O_AGR,2021,0.201990016556
Tg,Reference,Pakistan,N2O_AGR,2025,0.21578026598284003
Tg,Reference,Pakistan,N2O_AGR,2030,0.2422046382320289
Tg,Reference,Pakistan,N2O_AGR,2035,0.27156559084415
Tg,Reference,Pakistan,N2O_AGR,2040,0.30167427255597395
Tg,Reference,Pakistan,N2O_AGR,2045,0.331192500624904
Tg,Reference,Pakistan,N2O_AGR,2050,0.3633079715682838
Tg,Reference,Pakistan,N2O_AGR,2055,0.389980263277048
Tg,Reference,Pakistan,N2O_AGR,2060,0.418790218231183
Tg,Reference,Pakistan,N2O_AGR,2065,0.44632859662406915
Tg,Reference,Pakistan,N2O_AGR,2070,0.47160422110641187
Tg,Reference,Pakistan,N2O_AGR,2075,0.49520795221445796
Tg,Reference,Pakistan,N2O_AGR,2080,0.5161706093474961
Tg,Reference,Pakistan,N2O_AGR,2085,0.5345157026845819
Tg,Reference,Pakistan,N2O_AGR,2090,0.5509112679671371
Tg,Reference,Pakistan,N2O_AGR,2095,0.5651418893483652
Tg,Reference,Pakistan,N2O_AGR,2100,0.5773681872977351
Tg,Reference,Pakistan,N2O_AWB,1975,1.1098062023500002e-4
Tg,Reference,Pakistan,N2O_AWB,1990,9.913898051600002e-5
Tg,Reference,Pakistan,N2O_AWB,2005,8.3613460015e-5
Tg,Reference,Pakistan,N2O_AWB,2010,9.311879990700004e-5
Tg,Reference,Pakistan,N2O_AWB,2015,1.0080456603100002e-4
Tg,Reference,Pakistan,N2O_AWB,2021,1.10649309173e-4
Tg,Reference,Pakistan,N2O_AWB,2025,1.1333322821599999e-4
Tg,Reference,Pakistan,N2O_AWB,2030,1.2062293409900002e-4
Tg,Reference,Pakistan,N2O_AWB,2035,1.26587619728e-4
Tg,Reference,Pakistan,N2O_AWB,2040,1.2951650615e-4
Tg,Reference,Pakistan,N2O_AWB,2045,1.2812625638200002e-4
Tg,Reference,Pakistan,N2O_AWB,2050,1.24172586513e-4
Tg,Reference,Pakistan,N2O_AWB,2055,1.1408617750200007e-4
Tg,Reference,Pakistan,N2O_AWB,2060,1.0591901747800006e-4
Tg,Reference,Pakistan,N2O_AWB,2065,9.730262843499996e-5
Tg,Reference,Pakistan,N2O_AWB,2070,8.862355863599999e-5
Tg,Reference,Pakistan,N2O_AWB,2075,8.072198678999997e-5
Tg,Reference,Pakistan,N2O_AWB,2080,7.332685291499999e-5
Tg,Reference,Pakistan,N2O_AWB,2085,6.8469693575e-5
Tg,Reference,Pakistan,N2O_AWB,2090,6.881553705799994e-5
Tg,Reference,Pakistan,N2O_AWB,2095,6.909324412899994e-5
Tg,Reference,Pakistan,N2O_AWB,2100,6.927965087199999e-5
Tg,Reference,Pakistan,NH3,1975,0.1006408934269
Tg,Reference,Pakistan,NH3,1990,0.22735682749080005
Tg,Reference,Pakistan,NH3,2005,0.33588665242070004
Tg,Reference,Pakistan,NH3,2010,0.37425139088308995
Tg,Reference,Pakistan,NH3,2015,0.41720333581211994
Tg,Reference,Pakistan,NH3,2021,0.47151813225982
Tg,Reference,Pakistan,NH3,2025,0.49311126975537994
Tg,Reference,Pakistan,NH3,2030,0.5239613929090102
Tg,Reference,Pakistan,NH3,2035,0.5582886339887398
Tg,Reference,Pakistan,NH3,2040,0.5943817811479569
Tg,Reference,Pakistan,NH3,2045,0.6305517282737334
Tg,Reference,Pakistan,NH3,2050,0.6664280215225699
Tg,Reference,Pakistan,NH3,2055,0.7003464299300003
Tg,Reference,Pakistan,NH3,2060,0.7330213773719478
Tg,Reference,Pakistan,NH3,2065,0.763090489850904
Tg,Reference,Pakistan,NH3,2070,0.7898097489865863
Tg,Reference,Pakistan,NH3,2075,0.81213831010741
Tg,Reference,Pakistan,NH3,2080,0.8301404665838937
Tg,Reference,Pakistan,NH3,2085,0.8444205661244312
Tg,Reference,Pakistan,NH3,2090,0.8559977855187192
Tg,Reference,Pakistan,NH3,2095,0.8651015531593279
Tg,Reference,Pakistan,NH3,2100,0.8723652698754286
Tg,Reference,Pakistan,NH3_AGR,1975,0.39887203656286996
Tg,Reference,Pakistan,NH3_AGR,1990,0.7656056725574002
Tg,Reference,Pakistan,NH3_AGR,2005,1.1535471035533003
Tg,Reference,Pakistan,NH3_AGR,2010,1.3099929695632004
Tg,Reference,Pakistan,NH3_AGR,2015,1.4554498986649997
Tg,Reference,Pakistan,NH3_AGR,2021,1.6352991901785996
Tg,Reference,Pakistan,NH3_AGR,2025,1.7431988002177405
Tg,Reference,Pakistan,NH3_AGR,2030,1.9585760095519698
Tg,Reference,Pakistan,NH3_AGR,2035,2.20156776023956
Tg,Reference,Pakistan,NH3_AGR,2040,2.4465241484117706
Tg,Reference,Pakistan,NH3_AGR,2045,2.6794880950446496
Tg,Reference,Pakistan,NH3_AGR,2050,2.908384992519821
Tg,Reference,Pakistan,NH3_AGR,2055,3.060703326663159
Tg,Reference,Pakistan,NH3_AGR,2060,3.2374118642844287
Tg,Reference,Pakistan,NH3_AGR,2065,3.4030322484788296
Tg,Reference,Pakistan,NH3_AGR,2070,3.5511394975242014
Tg,Reference,Pakistan,NH3_AGR,2075,3.691549927714068
Tg,Reference,Pakistan,NH3_AGR,2080,3.815595491332512
Tg,Reference,Pakistan,NH3_AGR,2085,3.922927073320546
Tg,Reference,Pakistan,NH3_AGR,2090,4.019667859960992
Tg,Reference,Pakistan,NH3_AGR,2095,4.102932082174368
Tg,Reference,Pakistan,NH3_AGR,2100,4.1733011568821885
Tg,Reference,Pakistan,NH3_AWB,1975,0.002408305521646999
Tg,Reference,Pakistan,NH3_AWB,1990,0.002151341386850001
Tg,Reference,Pakistan,NH3_AWB,2005,0.0018144494435849996
Tg,Reference,Pakistan,NH3_AWB,2010,0.0020207151205869993
Tg,Reference,Pakistan,NH3_AWB,2015,0.0021874932200180003
Tg,Reference,Pakistan,NH3_AWB,2021,0.0024011157780030024
Tg,Reference,Pakistan,NH3_AWB,2025,0.0024593607163809995
Tg,Reference,Pakistan,NH3_AWB,2030,0.0026175498116910003
Tg,Reference,Pakistan,NH3_AWB,2035,0.0027469798541889983
Tg,Reference,Pakistan,NH3_AWB,2040,0.002810542644025
Tg,Reference,Pakistan,NH3_AWB,2045,0.0027803797363790015
Tg,Reference,Pakistan,NH3_AWB,2050,0.002694599257198
Tg,Reference,Pakistan,NH3_AWB,2055,0.002475727632343999
Tg,Reference,Pakistan,NH3_AWB,2060,0.0022985052970559998
Tg,Reference,Pakistan,NH3_AWB,2065,0.002111527155182999
Tg,Reference,Pakistan,NH3_AWB,2070,0.001923191277006
Tg,Reference,Pakistan,NH3_AWB,2075,0.0017517262496220003
Tg,Reference,Pakistan,NH3_AWB,2080,0.0015912506106389997
Tg,Reference,Pakistan,NH3_AWB,2085,0.001485851405527
Tg,Reference,Pakistan,NH3_AWB,2090,0.0014933585284460003
Tg,Reference,Pakistan,NH3_AWB,2095,0.001499387969697
Tg,Reference,Pakistan,NH3_AWB,2100,0.00150343012663
Tg,Reference,Pakistan,NMVOC,1975,0.21888393944
Tg,Reference,Pakistan,NMVOC,1990,1.1713133455570002
Tg,Reference,Pakistan,NMVOC,2005,1.8793893976149991
Tg,Reference,Pakistan,NMVOC,2010,2.1170614331429998
Tg,Reference,Pakistan,NMVOC,2015,2.5966343743185996
Tg,Reference,Pakistan,NMVOC,2021,3.092371422115
Tg,Reference,Pakistan,NMVOC,2025,3.1503384439018407
Tg,Reference,Pakistan,NMVOC,2030,3.1827181074733297
Tg,Reference,Pakistan,NMVOC,2035,3.26924380531622
Tg,Reference,Pakistan,NMVOC,2040,3.375307553400431
Tg,Reference,Pakistan,NMVOC,2045,3.5108634276461808
Tg,Reference,Pakistan,NMVOC,2050,3.6478284816157682
Tg,Reference,Pakistan,NMVOC,2055,3.759379966424278
Tg,Reference,Pakistan,NMVOC,2060,3.8640697713265757
Tg,Reference,Pakistan,NMVOC,2065,3.9466740294510467
Tg,Reference,Pakistan,NMVOC,2070,4.002047175605739
Tg,Reference,Pakistan,NMVOC,2075,4.018007548876195
Tg,Reference,Pakistan,NMVOC,2080,3.996146375159668
Tg,Reference,Pakistan,NMVOC,2085,3.9809340494231376
Tg,Reference,Pakistan,NMVOC,2090,4.042535692163303
Tg,Reference,Pakistan,NMVOC,2095,4.0888683645196515
Tg,Reference,Pakistan,NMVOC,2100,4.124862580171317
Tg,Reference,Pakistan,NMVOC_AGR,1975,0.004748595100000001
Tg,Reference,Pakistan,NMVOC_AGR,1990,0.026180709
Tg,Reference,Pakistan,NMVOC_AGR,2005,0.05559413150000002
Tg,Reference,Pakistan,NMVOC_AGR,2010,0.088846799
Tg,Reference,Pakistan,NMVOC_AGR,2015,0.12639572870000002
Tg,Reference,Pakistan,NMVOC_AGR,2021,0.14863008339999997
Tg,Reference,Pakistan,NMVOC_AGR,2025,0.16438454600000002
Tg,Reference,Pakistan,NMVOC_AGR,2030,0.190499215
Tg,Reference,Pakistan,NMVOC_AGR,2035,0.219453914
Tg,Reference,Pakistan,NMVOC_AGR,2040,0.251530283
Tg,Reference,Pakistan,NMVOC_AGR,2045,0.28630559699999997
Tg,Reference,Pakistan,NMVOC_AGR,2050,0.32307523799999993
Tg,Reference,Pakistan,NMVOC_AGR,2055,0.36079210000000006
Tg,Reference,Pakistan,NMVOC_AGR,2060,0.398657548
Tg,Reference,Pakistan,NMVOC_AGR,2065,0.43557860300000006
Tg,Reference,Pakistan,NMVOC_AGR,2070,0.4703502
Tg,Reference,Pakistan,NMVOC_AGR,2075,0.5023349970000002
Tg,Reference,Pakistan,NMVOC_AGR,2080,0.530891326
Tg,Reference,Pakistan,NMVOC_AGR,2085,0.556171201
Tg,Reference,Pakistan,NMVOC_AGR,2090,0.5785710500000001
Tg,Reference,Pakistan,NMVOC_AGR,2095,0.598171504
Tg,Reference,Pakistan,NMVOC_AGR,2100,0.6152780099999999
Tg,Reference,Pakistan,NMVOC_AWB,1975,0.024594763504437
Tg,Reference,Pakistan,NMVOC_AWB,1990,0.021970525784032007
Tg,Reference,Pakistan,NMVOC_AWB,2005,0.018531925143137007
Tg,Reference,Pakistan,NMVOC_AWB,2010,0.020638594736590004
Tg,Reference,Pakistan,NMVOC_AWB,2015,0.022341984513958003
Tg,Reference,Pakistan,NMVOC_AWB,2021,0.024523840685417003
Tg,Reference,Pakistan,NMVOC_AWB,2025,0.025118725967775
Tg,Reference,Pakistan,NMVOC_AWB,2030,0.026734381003533
Tg,Reference,Pakistan,NMVOC_AWB,2035,0.028056329680415003
Tg,Reference,Pakistan,NMVOC_AWB,2040,0.028705511147518997
Tg,Reference,Pakistan,NMVOC_AWB,2045,0.028397457445984986
Tg,Reference,Pakistan,NMVOC_AWB,2050,0.027521313104108998
Tg,Reference,Pakistan,NMVOC_AWB,2055,0.02528589394919999
Tg,Reference,Pakistan,NMVOC_AWB,2060,0.023475816089658017
Tg,Reference,Pakistan,NMVOC_AWB,2065,0.02156611772169301
Tg,Reference,Pakistan,NMVOC_AWB,2070,0.019642548465245
Tg,Reference,Pakistan,NMVOC_AWB,2075,0.01789130522782699
Tg,Reference,Pakistan,NMVOC_AWB,2080,0.016252277504693005
Tg,Reference,Pakistan,NMVOC_AWB,2085,0.015175773810734993
Tg,Reference,Pakistan,NMVOC_AWB,2090,0.015252457816438
Tg,Reference,Pakistan,NMVOC_AWB,2095,0.015314038774050995
Tg,Reference,Pakistan,NMVOC_AWB,2100,0.015355311361241996
Tg,Reference,Pakistan,NOx,1975,0.09178511826999998
Tg,Reference,Pakistan,NOx,1990,0.40308418338
Tg,Reference,Pakistan,NOx,2005,0.8938510311800005
Tg,Reference,Pakistan,NOx,2010,0.9457753306100001
Tg,Reference,Pakistan,NOx,2015,1.1015922984509994
Tg,Reference,Pakistan,NOx,2021,1.2955605148670006
Tg,Reference,Pakistan,NOx,2025,1.2803463603049996
Tg,Reference,Pakistan,NOx,2030,1.31048419969238
Tg,Reference,Pakistan,NOx,2035,1.3415932823122905
Tg,Reference,Pakistan,NOx,2040,1.3646345523234706
Tg,Reference,Pakistan,NOx,2045,1.4378288458201895
Tg,Reference,Pakistan,NOx,2050,1.4929565791360904
Tg,Reference,Pakistan,NOx,2055,1.5365763600446791
Tg,Reference,Pakistan,NOx,2060,1.613371691659331
Tg,Reference,Pakistan,NOx,2065,1.6792517886859
Tg,Reference,Pakistan,NOx,2070,1.7328153950281997
Tg,Reference,Pakistan,NOx,2075,1.7679009982337999
Tg,Reference,Pakistan,NOx,2080,1.7812847513335806
Tg,Reference,Pakistan,NOx,2085,1.7735571694451753
Tg,Reference,Pakistan,NOx,2090,1.76061071770907
Tg,Reference,Pakistan,NOx,2095,1.7394423391956806
Tg,Reference,Pakistan,NOx,2100,1.7122924660305305
Tg,Reference,Pakistan,NOx_AGR,1975,0.08080790747421
Tg,Reference,Pakistan,NOx_AGR,1990,0.19747669691279596
Tg,Reference,Pakistan,NOx_AGR,2005,0.32106157358350507
Tg,Reference,Pakistan,NOx_AGR,2010,0.3535308032109031
Tg,Reference,Pakistan,NOx_AGR,2015,0.3575341696294031
Tg,Reference,Pakistan,NOx_AGR,2021,0.40293391244589777
Tg,Reference,Pakistan,NOx_AGR,2025,0.4248274503547201
Tg,Reference,Pakistan,NOx_AGR,2030,0.4727369774460598
Tg,Reference,Pakistan,NOx_AGR,2035,0.5271896792043701
Tg,Reference,Pakistan,NOx_AGR,2040,0.5798049974063103
Tg,Reference,Pakistan,NOx_AGR,2045,0.6264764941529597
Tg,Reference,Pakistan,NOx_AGR,2050,0.67027972159473
Tg,Reference,Pakistan,NOx_AGR,2055,0.6889770285258999
Tg,Reference,Pakistan,NOx_AGR,2060,0.7153147211680297
Tg,Reference,Pakistan,NOx_AGR,2065,0.738870130912726
Tg,Reference,Pakistan,NOx_AGR,2070,0.7585516276943028
Tg,Reference,Pakistan,NOx_AGR,2075,0.7779823680900544
Tg,Reference,Pakistan,NOx_AGR,2080,0.7949114895446681
Tg,Reference,Pakistan,NOx_AGR,2085,0.8091112583692627
Tg,Reference,Pakistan,NOx_AGR,2090,0.82221164506478706
Tg,Reference,Pakistan,NOx_AGR,2095,0.8332342231880461
Tg,Reference,Pakistan,NOx_AGR,2100,0.8421224356238628
Tg,Reference,Pakistan,NOx_AWB,1975,0.0034515338269310004
Tg,Reference,Pakistan,NOx_AWB,1990,0.0030832587299159998
Tg,Reference,Pakistan,NOx_AWB,2005,0.0026004331922140004
Tg,Reference,Pakistan,NOx_AWB,2010,0.0028960470086210007
Tg,Reference,Pakistan,NOx_AWB,2015,0.0031350720227600005
Tg,Reference,Pakistan,NOx_AWB,2021,0.003441231642526001
Tg,Reference,Pakistan,NOx_AWB,2025,0.003524706016637
Tg,Reference,Pakistan,NOx_AWB,2030,0.0037514186174649996
Tg,Reference,Pakistan,NOx_AWB,2035,0.003936917779586
Tg,Reference,Pakistan,NOx_AWB,2040,0.004028015090601001
Tg,Reference,Pakistan,NOx_AWB,2045,0.003984784419574002
Tg,Reference,Pakistan,NOx_AWB,2050,0.003861842638772001
Tg,Reference,Pakistan,NOx_AWB,2055,0.0035481629460190024
Tg,Reference,Pakistan,NOx_AWB,2060,0.003294171845425
Tg,Reference,Pakistan,NOx_AWB,2065,0.0030261990438499994
Tg,Reference,Pakistan,NOx_AWB,2070,0.0027562803664379996
Tg,Reference,Pakistan,NOx_AWB,2075,0.0025105395185950003
Tg,Reference,Pakistan,NOx_AWB,2080,0.0022805501648659994
Tg,Reference,Pakistan,NOx_AWB,2085,0.0021294926658949995
Tg,Reference,Pakistan,NOx_AWB,2090,0.0021402520534200007
Tg,Reference,Pakistan,NOx_AWB,2095,0.002148893825222
Tg,Reference,Pakistan,NOx_AWB,2100,0.002154686501845
Tg,Reference,Pakistan,OC,1975,0.018031220887000002
Tg,Reference,Pakistan,OC,1990,0.2642451223676999
Tg,Reference,Pakistan,OC,2005,0.40091075645499996
Tg,Reference,Pakistan,OC,2010,0.4488455479070002
Tg,Reference,Pakistan,OC,2015,0.49680598306639995
Tg,Reference,Pakistan,OC,2021,0.5556566848960001
Tg,Reference,Pakistan,OC,2025,0.5449685215969601
Tg,Reference,Pakistan,OC,2030,0.51781174294058
Tg,Reference,Pakistan,OC,2035,0.49273108269617005
Tg,Reference,Pakistan,OC,2040,0.47232458234555985
Tg,Reference,Pakistan,OC,2045,0.45459445756939
Tg,Reference,Pakistan,OC,2050,0.4376386133778903
Tg,Reference,Pakistan,OC,2055,0.41110488137000706
Tg,Reference,Pakistan,OC,2060,0.3955843833542902
Tg,Reference,Pakistan,OC,2065,0.3819302411094169
Tg,Reference,Pakistan,OC,2070,0.36986629154471995
Tg,Reference,Pakistan,OC,2075,0.3584374635777889
Tg,Reference,Pakistan,OC,2080,0.346731037167019
Tg,Reference,Pakistan,OC,2085,0.33487751068760313
Tg,Reference,Pakistan,OC,2090,0.32395493390508207
Tg,Reference,Pakistan,OC,2095,0.3129300223096679
Tg,Reference,Pakistan,OC,2100,0.30262008288719794
Tg,Reference,Pakistan,OC_AWB,1975,0.0025525817418729987
Tg,Reference,Pakistan,OC_AWB,1990,0.0022802248220280008
Tg,Reference,Pakistan,OC_AWB,2005,0.0019231502455189999
Tg,Reference,Pakistan,OC_AWB,2010,2.8781936955399985e-4
Tg,Reference,Pakistan,OC_AWB,2015,3.115743358919999e-4
Tg,Reference,Pakistan,OC_AWB,2021,3.4200138202400014e-4
Tg,Reference,Pakistan,OC_AWB,2025,3.5029751959800005e-4
Tg,Reference,Pakistan,OC_AWB,2030,3.72828681286e-4
Tg,Reference,Pakistan,OC_AWB,2035,3.9126384536499994e-4
Tg,Reference,Pakistan,OC_AWB,2040,4.003173876800001e-4
Tg,Reference,Pakistan,OC_AWB,2045,3.9602096925899985e-4
Tg,Reference,Pakistan,OC_AWB,2050,3.83802652526e-4
Tg,Reference,Pakistan,OC_AWB,2055,3.5262781970099994e-4
Tg,Reference,Pakistan,OC_AWB,2060,3.2738497205799996e-4
Tg,Reference,Pakistan,OC_AWB,2065,3.0075247710599994e-4
Tg,Reference,Pakistan,OC_AWB,2070,2.73926668311e-4
Tg,Reference,Pakistan,OC_AWB,2075,2.495042332750001e-4
Tg,Reference,Pakistan,OC_AWB,2080,2.2664719687700012e-4
Tg,Reference,Pakistan,OC_AWB,2085,2.1163433530099998e-4
Tg,Reference,Pakistan,OC_AWB,2090,2.127036403779999e-4
Tg,Reference,Pakistan,OC_AWB,2095,2.1356220540199984e-4
Tg,Reference,Pakistan,OC_AWB,2100,2.1413803823299994e-4
Tg,Reference,Pakistan,SO2_2,1975,0.09978973884399998
Tg,Reference,Pakistan,SO2_2,1990,0.593606415595
Tg,Reference,Pakistan,SO2_2,2005,1.0183256386354007
Tg,Reference,Pakistan,SO2_2,2010,1.270298826887
Tg,Reference,Pakistan,SO2_2,2015,1.3315874887701504
Tg,Reference,Pakistan,SO2_2,2021,2.175844585018301
Tg,Reference,Pakistan,SO2_2,2025,2.2986048390359004
Tg,Reference,Pakistan,SO2_2,2030,2.8424944721869982
Tg,Reference,Pakistan,SO2_2,2035,3.452534535644602
Tg,Reference,Pakistan,SO2_2,2040,4.202026306928168
Tg,Reference,Pakistan,SO2_2,2045,4.962074061702061
Tg,Reference,Pakistan,SO2_2,2050,5.610326052464558
Tg,Reference,Pakistan,SO2_2,2055,6.0954846573231
Tg,Reference,Pakistan,SO2_2,2060,6.69712765424039
Tg,Reference,Pakistan,SO2_2,2065,7.266777086863813
Tg,Reference,Pakistan,SO2_2,2070,7.800344735837564
Tg,Reference,Pakistan,SO2_2,2075,8.269959224278804
Tg,Reference,Pakistan,SO2_2,2080,8.632545862718887
Tg,Reference,Pakistan,SO2_2,2085,8.867965889398057
Tg,Reference,Pakistan,SO2_2,2090,9.052484097304935
Tg,Reference,Pakistan,SO2_2,2095,9.170510292347576
Tg,Reference,Pakistan,SO2_2,2100,9.20742564310483
Tg,Reference,Pakistan,SO2_2_AWB,1975,4.43926540234e-4
Tg,Reference,Pakistan,SO2_2_AWB,1990,3.9655979973000005e-4
Tg,Reference,Pakistan,SO2_2_AWB,2005,3.344593804449999e-4
Tg,Reference,Pakistan,SO2_2_AWB,2010,3.72480488421e-4
Tg,Reference,Pakistan,SO2_2_AWB,2015,4.032234791870001e-4
Tg,Reference,Pakistan,SO2_2_AWB,2021,4.42600683629e-4
Tg,Reference,Pakistan,SO2_2_AWB,2025,4.533370063939999e-4
Tg,Reference,Pakistan,SO2_2_AWB,2030,4.8249579050900005e-4
Tg,Reference,Pakistan,SO2_2_AWB,2035,5.06354200497e-4
Tg,Reference,Pakistan,SO2_2_AWB,2040,5.180705435769999e-4
Tg,Reference,Pakistan,SO2_2_AWB,2045,5.125096040710001e-4
Tg,Reference,Pakistan,SO2_2_AWB,2050,4.966976914280001e-4
Tg,Reference,Pakistan,SO2_2_AWB,2055,4.56352523542e-4
Tg,Reference,Pakistan,SO2_2_AWB,2060,4.236843612330001e-4
Tg,Reference,Pakistan,SO2_2_AWB,2065,3.892185219860001e-4
Tg,Reference,Pakistan,SO2_2_AWB,2070,3.545022108569999e-4
Tg,Reference,Pakistan,SO2_2_AWB,2075,3.22895795356e-4
Tg,Reference,Pakistan,SO2_2_AWB,2080,2.93314977102e-4
Tg,Reference,Pakistan,SO2_2_AWB,2085,2.738866707709999e-4
Tg,Reference,Pakistan,SO2_2_AWB,2090,2.7527039056799986e-4
Tg,Reference,Pakistan,SO2_2_AWB,2095,2.7638174333400017e-4
Tg,Reference,Pakistan,SO2_2_AWB,2100,2.77126789954e-4
